route_key,ODC,DDC,ProductType,dayofweek,Optimal_Model,Historical_Error_Pct,Confidence
ATL|BOS|MAX|3,ATL,BOS,MAX,3,01_Historical_Baseline,999.0,LOW
ATL|BOS|MAX|4,ATL,BOS,MAX,4,09_Exp_Smoothing,3.6666666666666714,HIGH
ATL|BOS|MAX|5,ATL,BOS,MAX,5,01_Historical_Baseline,999.0,LOW
ATL|BOS|MAX|6,ATL,BOS,MAX,6,01_Historical_Baseline,999.0,LOW
ATL|CAK|MAX|3,ATL,CAK,MAX,3,01_Historical_Baseline,0.0,HIGH
ATL|DEN|MAX|2,ATL,DEN,MAX,2,02_Recent_2W,33.33333333333333,MEDIUM
ATL|DEN|MAX|3,ATL,DEN,MAX,3,18_Clustering,1.993710691823895,HIGH
ATL|DEN|MAX|4,ATL,DEN,MAX,4,04_Recent_8W,12.5,HIGH
ATL|DEN|MAX|5,ATL,DEN,MAX,5,01_Historical_Baseline,999.0,LOW
ATL|DEN|MAX|6,ATL,DEN,MAX,6,01_Historical_Baseline,999.0,LOW
ATL|DEN|MAX|7,ATL,DEN,MAX,7,01_Historical_Baseline,999.0,LOW
ATL|LAX|EXP|3,ATL,LAX,EXP,3,06_Prior_Week,10.55555555555556,HIGH
ATL|LAX|EXP|4,ATL,LAX,EXP,4,11_Hybrid_Week_Blend,6.328124999999996,HIGH
ATL|LAX|EXP|5,ATL,LAX,EXP,5,08_Week_Specific,0.0,HIGH
ATL|LAX|MAX|2,ATL,LAX,MAX,2,18_Clustering,54.059551886792455,LOW
ATL|LAX|MAX|3,ATL,LAX,MAX,3,18_Clustering,3.3639523336643564,HIGH
ATL|LAX|MAX|4,ATL,LAX,MAX,4,12_Median_Recent,1.5625,HIGH
ATL|LAX|MAX|5,ATL,LAX,MAX,5,01_Historical_Baseline,0.0,HIGH
ATL|LAX|MAX|6,ATL,LAX,MAX,6,01_Historical_Baseline,999.0,LOW
ATL|LAX|MAX|7,ATL,LAX,MAX,7,01_Historical_Baseline,999.0,LOW
ATL|MCI|MAX|3,ATL,MCI,MAX,3,12_Median_Recent,42.5,MEDIUM
ATL|MCI|MAX|4,ATL,MCI,MAX,4,03_Recent_4W_HYBRID,3.260869565217391,HIGH
ATL|MCI|MAX|5,ATL,MCI,MAX,5,01_Historical_Baseline,0.0,HIGH
ATL|MCI|MAX|6,ATL,MCI,MAX,6,01_Historical_Baseline,0.0,HIGH
ATL|PHX|MAX|2,ATL,PHX,MAX,2,09_Exp_Smoothing,8.181818181818185,HIGH
ATL|PHX|MAX|3,ATL,PHX,MAX,3,18_Clustering,5.006738544474398,HIGH
ATL|PHX|MAX|4,ATL,PHX,MAX,4,01_Historical_Baseline,0.0,HIGH
ATL|PHX|MAX|5,ATL,PHX,MAX,5,01_Historical_Baseline,999.0,LOW
ATL|PHX|MAX|6,ATL,PHX,MAX,6,01_Historical_Baseline,999.0,LOW
ATL|PHX|MAX|7,ATL,PHX,MAX,7,01_Historical_Baseline,999.0,LOW
ATL|SEA|EXP|3,ATL,SEA,EXP,3,08_Week_Specific,2.5,HIGH
ATL|SEA|EXP|4,ATL,SEA,EXP,4,13_Weighted_Recent_Week,0.5,HIGH
ATL|SEA|EXP|5,ATL,SEA,EXP,5,08_Week_Specific,0.0,HIGH
ATL|SEA|EXP|6,ATL,SEA,EXP,6,01_Historical_Baseline,999.0,LOW
ATL|SEA|MAX|2,ATL,SEA,MAX,2,18_Clustering,5.006738544474398,HIGH
ATL|SEA|MAX|3,ATL,SEA,MAX,3,08_Week_Specific,4.3478260869565215,HIGH
ATL|SEA|MAX|4,ATL,SEA,MAX,4,04_Recent_8W,0.0,HIGH
ATL|SEA|MAX|5,ATL,SEA,MAX,5,01_Historical_Baseline,999.0,LOW
ATL|SEA|MAX|6,ATL,SEA,MAX,6,01_Historical_Baseline,999.0,LOW
ATL|SEA|MAX|7,ATL,SEA,MAX,7,01_Historical_Baseline,999.0,LOW
ATL|SFO|EXP|3,ATL,SFO,EXP,3,01_Historical_Baseline,2.3255813953488373,HIGH
ATL|SFO|EXP|4,ATL,SFO,EXP,4,02_Recent_2W,4.545454545454546,HIGH
ATL|SFO|EXP|5,ATL,SFO,EXP,5,08_Week_Specific,0.0,HIGH
ATL|SFO|MAX|2,ATL,SFO,MAX,2,18_Clustering,13.523862375138732,HIGH
ATL|SFO|MAX|3,ATL,SFO,MAX,3,12_Median_Recent,7.6923076923076925,HIGH
ATL|SFO|MAX|4,ATL,SFO,MAX,4,04_Recent_8W,13.23529411764706,HIGH
ATL|SFO|MAX|5,ATL,SFO,MAX,5,01_Historical_Baseline,999.0,LOW
ATL|SFO|MAX|6,ATL,SFO,MAX,6,01_Historical_Baseline,999.0,LOW
ATL|SFO|MAX|7,ATL,SFO,MAX,7,01_Historical_Baseline,999.0,LOW
ATL|SJU|EXP|3,ATL,SJU,EXP,3,18_Clustering,8.195754716981138,HIGH
ATL|SJU|EXP|4,ATL,SJU,EXP,4,16_ML_Regressor,0.342520576461494,HIGH
ATL|SJU|EXP|5,ATL,SJU,EXP,5,01_Historical_Baseline,0.0,HIGH
ATL|SJU|EXP|6,ATL,SJU,EXP,6,01_Historical_Baseline,0.0,HIGH
ATL|SJU|EXP|7,ATL,SJU,EXP,7,01_Historical_Baseline,0.0,HIGH
ATL|SLC|EXP|3,ATL,SLC,EXP,3,04_Recent_8W,10.416666666666668,HIGH
ATL|SLC|EXP|4,ATL,SLC,EXP,4,04_Recent_8W,0.0,HIGH
ATL|SLC|EXP|5,ATL,SLC,EXP,5,01_Historical_Baseline,999.0,LOW
ATL|SLC|MAX|2,ATL,SLC,MAX,2,02_Recent_2W,50.0,LOW
ATL|SLC|MAX|3,ATL,SLC,MAX,3,12_Median_Recent,60.0,LOW
ATL|SLC|MAX|4,ATL,SLC,MAX,4,04_Recent_8W,10.416666666666668,HIGH
ATL|SLC|MAX|5,ATL,SLC,MAX,5,01_Historical_Baseline,999.0,LOW
ATL|SLC|MAX|6,ATL,SLC,MAX,6,01_Historical_Baseline,999.0,LOW
ATL|SLC|MAX|7,ATL,SLC,MAX,7,01_Historical_Baseline,999.0,LOW
CAK|ATL|MAX|3,CAK,ATL,MAX,3,01_Historical_Baseline,0.0,HIGH
CAK|ATL|MAX|4,CAK,ATL,MAX,4,02_Recent_2W,0.0,HIGH
CAK|ATL|MAX|5,CAK,ATL,MAX,5,01_Historical_Baseline,999.0,LOW
CAK|ATL|MAX|6,CAK,ATL,MAX,6,01_Historical_Baseline,999.0,LOW
CAK|CLT|MAX|3,CAK,CLT,MAX,3,08_Week_Specific,20.0,MEDIUM
CAK|CLT|MAX|4,CAK,CLT,MAX,4,12_Median_Recent,0.0,HIGH
CAK|CLT|MAX|5,CAK,CLT,MAX,5,01_Historical_Baseline,0.0,HIGH
CAK|CLT|MAX|6,CAK,CLT,MAX,6,01_Historical_Baseline,0.0,HIGH
CAK|DEN|EXP|3,CAK,DEN,EXP,3,03_Recent_4W_HYBRID,2.272727272727273,HIGH
CAK|DEN|EXP|4,CAK,DEN,EXP,4,12_Median_Recent,6.25,HIGH
CAK|DEN|EXP|5,CAK,DEN,EXP,5,01_Historical_Baseline,999.0,LOW
CAK|DEN|MAX|3,CAK,DEN,MAX,3,11_Hybrid_Week_Blend,5.41666666666668,HIGH
CAK|DEN|MAX|4,CAK,DEN,MAX,4,04_Recent_8W,6.25,HIGH
CAK|DEN|MAX|5,CAK,DEN,MAX,5,01_Historical_Baseline,999.0,LOW
CAK|DEN|MAX|6,CAK,DEN,MAX,6,01_Historical_Baseline,999.0,LOW
CAK|DEN|MAX|7,CAK,DEN,MAX,7,01_Historical_Baseline,999.0,LOW
CAK|DFW|MAX|3,CAK,DFW,MAX,3,02_Recent_2W,16.666666666666664,HIGH
CAK|DFW|MAX|4,CAK,DFW,MAX,4,01_Historical_Baseline,0.0,HIGH
CAK|DFW|MAX|5,CAK,DFW,MAX,5,01_Historical_Baseline,999.0,LOW
CAK|DFW|MAX|6,CAK,DFW,MAX,6,01_Historical_Baseline,999.0,LOW
CAK|IAH|MAX|3,CAK,IAH,MAX,3,02_Recent_2W,12.5,HIGH
CAK|IAH|MAX|4,CAK,IAH,MAX,4,01_Historical_Baseline,0.0,HIGH
CAK|IAH|MAX|5,CAK,IAH,MAX,5,14_SARIMA,0.0,HIGH
CAK|IAH|MAX|6,CAK,IAH,MAX,6,01_Historical_Baseline,999.0,LOW
CAK|LAX|MAX|3,CAK,LAX,MAX,3,08_Week_Specific,2.777777777777783,HIGH
CAK|LAX|MAX|4,CAK,LAX,MAX,4,05_Trend_Adjusted,2.083333333333333,HIGH
CAK|LAX|MAX|5,CAK,LAX,MAX,5,01_Historical_Baseline,999.0,LOW
CAK|LAX|MAX|6,CAK,LAX,MAX,6,01_Historical_Baseline,999.0,LOW
CAK|LAX|MAX|7,CAK,LAX,MAX,7,01_Historical_Baseline,999.0,LOW
CAK|MCI|MAX|3,CAK,MCI,MAX,3,04_Recent_8W,25.0,MEDIUM
CAK|MCI|MAX|4,CAK,MCI,MAX,4,05_Trend_Adjusted,0.8333333333333451,HIGH
CAK|MCI|MAX|5,CAK,MCI,MAX,5,01_Historical_Baseline,0.0,HIGH
CAK|MCI|MAX|6,CAK,MCI,MAX,6,01_Historical_Baseline,0.0,HIGH
CAK|MCO|MAX|3,CAK,MCO,MAX,3,09_Exp_Smoothing,2.0000000000000107,HIGH
CAK|MCO|MAX|4,CAK,MCO,MAX,4,08_Week_Specific,0.0,HIGH
CAK|MCO|MAX|5,CAK,MCO,MAX,5,01_Historical_Baseline,999.0,LOW
CAK|MCO|MAX|6,CAK,MCO,MAX,6,01_Historical_Baseline,999.0,LOW
CAK|PHX|MAX|3,CAK,PHX,MAX,3,02_Recent_2W,0.0,HIGH
CAK|PHX|MAX|4,CAK,PHX,MAX,4,01_Historical_Baseline,0.0,HIGH
CAK|PHX|MAX|5,CAK,PHX,MAX,5,01_Historical_Baseline,999.0,LOW
CAK|PHX|MAX|6,CAK,PHX,MAX,6,01_Historical_Baseline,999.0,LOW
CAK|PHX|MAX|7,CAK,PHX,MAX,7,01_Historical_Baseline,999.0,LOW
CAK|SEA|EXP|3,CAK,SEA,EXP,3,12_Median_Recent,4.166666666666666,HIGH
CAK|SEA|EXP|4,CAK,SEA,EXP,4,12_Median_Recent,12.5,HIGH
CAK|SEA|EXP|5,CAK,SEA,EXP,5,01_Historical_Baseline,999.0,LOW
CAK|SEA|EXP|6,CAK,SEA,EXP,6,01_Historical_Baseline,999.0,LOW
CAK|SEA|MAX|3,CAK,SEA,MAX,3,04_Recent_8W,2.5,HIGH
CAK|SEA|MAX|4,CAK,SEA,MAX,4,11_Hybrid_Week_Blend,1.6666666666666607,HIGH
CAK|SEA|MAX|5,CAK,SEA,MAX,5,01_Historical_Baseline,999.0,LOW
CAK|SEA|MAX|6,CAK,SEA,MAX,6,01_Historical_Baseline,999.0,LOW
CAK|SEA|MAX|7,CAK,SEA,MAX,7,01_Historical_Baseline,999.0,LOW
CAK|SFO|EXP|3,CAK,SFO,EXP,3,03_Recent_4W_HYBRID,0.0,HIGH
CAK|SFO|EXP|4,CAK,SFO,EXP,4,09_Exp_Smoothing,8.46153846153846,HIGH
CAK|SFO|EXP|5,CAK,SFO,EXP,5,01_Historical_Baseline,999.0,LOW
CAK|SFO|EXP|6,CAK,SFO,EXP,6,01_Historical_Baseline,999.0,LOW
CAK|SFO|EXP|7,CAK,SFO,EXP,7,01_Historical_Baseline,999.0,LOW
CAK|SFO|MAX|3,CAK,SFO,MAX,3,04_Recent_8W,22.916666666666664,MEDIUM
CAK|SFO|MAX|4,CAK,SFO,MAX,4,05_Trend_Adjusted,1.2499999999999956,HIGH
CAK|SFO|MAX|5,CAK,SFO,MAX,5,01_Historical_Baseline,999.0,LOW
CAK|SFO|MAX|6,CAK,SFO,MAX,6,14_SARIMA,0.0,HIGH
CAK|SFO|MAX|7,CAK,SFO,MAX,7,01_Historical_Baseline,999.0,LOW
CAK|SLC|EXP|3,CAK,SLC,EXP,3,12_Median_Recent,8.333333333333332,HIGH
CAK|SLC|EXP|4,CAK,SLC,EXP,4,01_Historical_Baseline,0.0,HIGH
CAK|SLC|EXP|5,CAK,SLC,EXP,5,01_Historical_Baseline,999.0,LOW
CAK|SLC|MAX|3,CAK,SLC,MAX,3,02_Recent_2W,0.0,HIGH
CAK|SLC|MAX|4,CAK,SLC,MAX,4,02_Recent_2W,0.0,HIGH
CAK|SLC|MAX|5,CAK,SLC,MAX,5,01_Historical_Baseline,999.0,LOW
CAK|SLC|MAX|6,CAK,SLC,MAX,6,01_Historical_Baseline,999.0,LOW
CAK|SLC|MAX|7,CAK,SLC,MAX,7,01_Historical_Baseline,999.0,LOW
CLT|DEN|EXP|2,CLT,DEN,EXP,2,16_ML_Regressor,14.293316180444815,HIGH
CLT|DEN|EXP|3,CLT,DEN,EXP,3,01_Historical_Baseline,3.7037037037037033,HIGH
CLT|DEN|EXP|4,CLT,DEN,EXP,4,14_SARIMA,11.727526419890726,HIGH
CLT|DEN|EXP|5,CLT,DEN,EXP,5,08_Week_Specific,0.0,HIGH
CLT|DEN|MAX|2,CLT,DEN,MAX,2,02_Recent_2W,0.0,HIGH
CLT|DEN|MAX|3,CLT,DEN,MAX,3,03_Recent_4W_HYBRID,0.0,HIGH
CLT|DEN|MAX|4,CLT,DEN,MAX,4,05_Trend_Adjusted,0.0,HIGH
CLT|DEN|MAX|5,CLT,DEN,MAX,5,01_Historical_Baseline,999.0,LOW
CLT|DEN|MAX|6,CLT,DEN,MAX,6,01_Historical_Baseline,999.0,LOW
CLT|DEN|MAX|7,CLT,DEN,MAX,7,01_Historical_Baseline,0.0,HIGH
CLT|DFW|MAX|2,CLT,DFW,MAX,2,06_Prior_Week,0.0,HIGH
CLT|DFW|MAX|3,CLT,DFW,MAX,3,05_Trend_Adjusted,0.4032258064516129,HIGH
CLT|DFW|MAX|4,CLT,DFW,MAX,4,07_Same_Week_Last_Year,14.634146341463412,HIGH
CLT|DFW|MAX|5,CLT,DFW,MAX,5,01_Historical_Baseline,0.0,HIGH
CLT|DFW|MAX|6,CLT,DFW,MAX,6,01_Historical_Baseline,0.0,HIGH
CLT|IAH|MAX|2,CLT,IAH,MAX,2,03_Recent_4W_HYBRID,4.166666666666666,HIGH
CLT|IAH|MAX|3,CLT,IAH,MAX,3,16_ML_Regressor,6.590167596666063,HIGH
CLT|IAH|MAX|4,CLT,IAH,MAX,4,14_SARIMA,10.007851361634636,HIGH
CLT|IAH|MAX|5,CLT,IAH,MAX,5,01_Historical_Baseline,999.0,LOW
CLT|IAH|MAX|6,CLT,IAH,MAX,6,01_Historical_Baseline,999.0,LOW
CLT|LAX|EXP|2,CLT,LAX,EXP,2,16_ML_Regressor,27.30851685988771,MEDIUM
CLT|LAX|EXP|3,CLT,LAX,EXP,3,12_Median_Recent,26.31578947368421,MEDIUM
CLT|LAX|EXP|4,CLT,LAX,EXP,4,03_Recent_4W_HYBRID,5.1020408163265305,HIGH
CLT|LAX|EXP|5,CLT,LAX,EXP,5,01_Historical_Baseline,0.0,HIGH
CLT|LAX|MAX|2,CLT,LAX,MAX,2,08_Week_Specific,6.521739130434782,HIGH
CLT|LAX|MAX|3,CLT,LAX,MAX,3,02_Recent_2W,6.896551724137931,HIGH
CLT|LAX|MAX|4,CLT,LAX,MAX,4,02_Recent_2W,0.0,HIGH
CLT|LAX|MAX|5,CLT,LAX,MAX,5,01_Historical_Baseline,0.0,HIGH
CLT|LAX|MAX|6,CLT,LAX,MAX,6,01_Historical_Baseline,999.0,LOW
CLT|LAX|MAX|7,CLT,LAX,MAX,7,01_Historical_Baseline,0.0,HIGH
CLT|MCI|MAX|2,CLT,MCI,MAX,2,13_Weighted_Recent_Week,2.083333333333333,HIGH
CLT|MCI|MAX|3,CLT,MCI,MAX,3,02_Recent_2W,4.545454545454546,HIGH
CLT|MCI|MAX|4,CLT,MCI,MAX,4,06_Prior_Week,9.375,HIGH
CLT|MCI|MAX|5,CLT,MCI,MAX,5,01_Historical_Baseline,0.0,HIGH
CLT|MCI|MAX|6,CLT,MCI,MAX,6,01_Historical_Baseline,0.0,HIGH
CLT|ORD|MAX|4,CLT,ORD,MAX,4,01_Historical_Baseline,0.0,HIGH
CLT|ORD|MAX|5,CLT,ORD,MAX,5,01_Historical_Baseline,0.0,HIGH
CLT|ORD|MAX|6,CLT,ORD,MAX,6,01_Historical_Baseline,0.0,HIGH
CLT|PHX|EXP|2,CLT,PHX,EXP,2,18_Clustering,50.42028985507246,LOW
CLT|PHX|EXP|3,CLT,PHX,EXP,3,11_Hybrid_Week_Blend,1.5999999999999943,HIGH
CLT|PHX|EXP|4,CLT,PHX,EXP,4,04_Recent_8W,14.473684210526317,HIGH
CLT|PHX|EXP|5,CLT,PHX,EXP,5,08_Week_Specific,0.0,HIGH
CLT|PHX|MAX|2,CLT,PHX,MAX,2,09_Exp_Smoothing,0.0,HIGH
CLT|PHX|MAX|3,CLT,PHX,MAX,3,01_Historical_Baseline,0.0,HIGH
CLT|PHX|MAX|4,CLT,PHX,MAX,4,05_Trend_Adjusted,6.25,HIGH
CLT|PHX|MAX|5,CLT,PHX,MAX,5,01_Historical_Baseline,999.0,LOW
CLT|PHX|MAX|6,CLT,PHX,MAX,6,01_Historical_Baseline,999.0,LOW
CLT|PHX|MAX|7,CLT,PHX,MAX,7,01_Historical_Baseline,0.0,HIGH
CLT|SEA|EXP|2,CLT,SEA,EXP,2,16_ML_Regressor,0.6497458863093242,HIGH
CLT|SEA|EXP|3,CLT,SEA,EXP,3,18_Clustering,11.277873070325892,HIGH
CLT|SEA|EXP|4,CLT,SEA,EXP,4,09_Exp_Smoothing,0.6250000000000089,HIGH
CLT|SEA|EXP|5,CLT,SEA,EXP,5,01_Historical_Baseline,0.0,HIGH
CLT|SEA|EXP|6,CLT,SEA,EXP,6,08_Week_Specific,0.0,HIGH
CLT|SEA|EXP|7,CLT,SEA,EXP,7,08_Week_Specific,0.0,HIGH
CLT|SEA|MAX|2,CLT,SEA,MAX,2,08_Week_Specific,0.0,HIGH
CLT|SEA|MAX|3,CLT,SEA,MAX,3,05_Trend_Adjusted,16.805555555555564,HIGH
CLT|SEA|MAX|4,CLT,SEA,MAX,4,05_Trend_Adjusted,5.989583333333334,HIGH
CLT|SEA|MAX|5,CLT,SEA,MAX,5,01_Historical_Baseline,0.0,HIGH
CLT|SEA|MAX|6,CLT,SEA,MAX,6,01_Historical_Baseline,0.0,HIGH
CLT|SEA|MAX|7,CLT,SEA,MAX,7,01_Historical_Baseline,0.0,HIGH
CLT|SFO|EXP|2,CLT,SFO,EXP,2,16_ML_Regressor,11.357165661448612,HIGH
CLT|SFO|EXP|3,CLT,SFO,EXP,3,18_Clustering,4.91913746630727,HIGH
CLT|SFO|EXP|4,CLT,SFO,EXP,4,12_Median_Recent,3.3333333333333335,HIGH
CLT|SFO|EXP|5,CLT,SFO,EXP,5,01_Historical_Baseline,0.0,HIGH
CLT|SFO|EXP|6,CLT,SFO,EXP,6,08_Week_Specific,0.0,HIGH
CLT|SFO|EXP|7,CLT,SFO,EXP,7,08_Week_Specific,0.0,HIGH
CLT|SFO|MAX|2,CLT,SFO,MAX,2,08_Week_Specific,50.0,LOW
CLT|SFO|MAX|3,CLT,SFO,MAX,3,18_Clustering,82.26581885856079,LOW
CLT|SFO|MAX|4,CLT,SFO,MAX,4,03_Recent_4W_HYBRID,0.0,HIGH
CLT|SFO|MAX|5,CLT,SFO,MAX,5,01_Historical_Baseline,999.0,LOW
CLT|SFO|MAX|6,CLT,SFO,MAX,6,01_Historical_Baseline,999.0,LOW
CLT|SFO|MAX|7,CLT,SFO,MAX,7,01_Historical_Baseline,0.0,HIGH
CLT|SLC|EXP|2,CLT,SLC,EXP,2,16_ML_Regressor,1.7173997540752168,HIGH
CLT|SLC|EXP|3,CLT,SLC,EXP,3,14_SARIMA,9.474643413385566,HIGH
CLT|SLC|EXP|4,CLT,SLC,EXP,4,12_Median_Recent,4.545454545454546,HIGH
CLT|SLC|EXP|5,CLT,SLC,EXP,5,08_Week_Specific,0.0,HIGH
CLT|SLC|MAX|2,CLT,SLC,MAX,2,08_Week_Specific,16.666666666666664,HIGH
CLT|SLC|MAX|3,CLT,SLC,MAX,3,02_Recent_2W,0.0,HIGH
CLT|SLC|MAX|4,CLT,SLC,MAX,4,05_Trend_Adjusted,3.125,HIGH
CLT|SLC|MAX|5,CLT,SLC,MAX,5,01_Historical_Baseline,0.0,HIGH
CLT|SLC|MAX|6,CLT,SLC,MAX,6,01_Historical_Baseline,0.0,HIGH
CLT|SLC|MAX|7,CLT,SLC,MAX,7,01_Historical_Baseline,0.0,HIGH
CVG|BOS|MAX|3,CVG,BOS,MAX,3,14_SARIMA,1.3448150582221072,HIGH
CVG|BOS|MAX|4,CVG,BOS,MAX,4,01_Historical_Baseline,0.0,HIGH
CVG|BOS|MAX|5,CVG,BOS,MAX,5,01_Historical_Baseline,999.0,LOW
CVG|BOS|MAX|6,CVG,BOS,MAX,6,01_Historical_Baseline,999.0,LOW
CVG|DEN|MAX|2,CVG,DEN,MAX,2,09_Exp_Smoothing,1.8518518518518516,HIGH
CVG|DEN|MAX|3,CVG,DEN,MAX,3,08_Week_Specific,4.166666666666666,HIGH
CVG|DEN|MAX|4,CVG,DEN,MAX,4,01_Historical_Baseline,50.0,LOW
CVG|DEN|MAX|5,CVG,DEN,MAX,5,01_Historical_Baseline,0.0,HIGH
CVG|DEN|MAX|6,CVG,DEN,MAX,6,01_Historical_Baseline,999.0,LOW
CVG|IAH|MAX|3,CVG,IAH,MAX,3,04_Recent_8W,130.0,LOW
CVG|IAH|MAX|4,CVG,IAH,MAX,4,07_Same_Week_Last_Year,0.0,HIGH
CVG|IAH|MAX|5,CVG,IAH,MAX,5,01_Historical_Baseline,999.0,LOW
CVG|IAH|MAX|6,CVG,IAH,MAX,6,01_Historical_Baseline,999.0,LOW
CVG|LAX|MAX|2,CVG,LAX,MAX,2,06_Prior_Week,61.97183098591549,LOW
CVG|LAX|MAX|3,CVG,LAX,MAX,3,06_Prior_Week,14.285714285714285,HIGH
CVG|LAX|MAX|4,CVG,LAX,MAX,4,01_Historical_Baseline,100.0,LOW
CVG|LAX|MAX|5,CVG,LAX,MAX,5,01_Historical_Baseline,999.0,LOW
CVG|LAX|MAX|6,CVG,LAX,MAX,6,01_Historical_Baseline,999.0,LOW
CVG|LAX|MAX|7,CVG,LAX,MAX,7,01_Historical_Baseline,0.0,HIGH
CVG|PHX|MAX|3,CVG,PHX,MAX,3,03_Recent_4W_HYBRID,1.694915254237288,HIGH
CVG|PHX|MAX|4,CVG,PHX,MAX,4,18_Clustering,2.0047169811320686,HIGH
CVG|PHX|MAX|5,CVG,PHX,MAX,5,01_Historical_Baseline,999.0,LOW
CVG|PHX|MAX|6,CVG,PHX,MAX,6,01_Historical_Baseline,999.0,LOW
CVG|SEA|MAX|3,CVG,SEA,MAX,3,11_Hybrid_Week_Blend,1.8750000000000044,HIGH
CVG|SEA|MAX|4,CVG,SEA,MAX,4,04_Recent_8W,8.333333333333332,HIGH
CVG|SEA|MAX|5,CVG,SEA,MAX,5,01_Historical_Baseline,999.0,LOW
CVG|SEA|MAX|6,CVG,SEA,MAX,6,01_Historical_Baseline,999.0,LOW
CVG|SEA|MAX|7,CVG,SEA,MAX,7,01_Historical_Baseline,999.0,LOW
CVG|SFO|MAX|3,CVG,SFO,MAX,3,12_Median_Recent,0.0,HIGH
CVG|SFO|MAX|4,CVG,SFO,MAX,4,01_Historical_Baseline,0.0,HIGH
CVG|SFO|MAX|5,CVG,SFO,MAX,5,01_Historical_Baseline,999.0,LOW
CVG|SFO|MAX|6,CVG,SFO,MAX,6,01_Historical_Baseline,999.0,LOW
CVG|SFO|MAX|7,CVG,SFO,MAX,7,01_Historical_Baseline,999.0,LOW
CVG|SLC|MAX|2,CVG,SLC,MAX,2,12_Median_Recent,8.333333333333332,HIGH
CVG|SLC|MAX|3,CVG,SLC,MAX,3,03_Recent_4W_HYBRID,0.0,HIGH
CVG|SLC|MAX|4,CVG,SLC,MAX,4,04_Recent_8W,1.4705882352941175,HIGH
CVG|SLC|MAX|5,CVG,SLC,MAX,5,01_Historical_Baseline,0.0,HIGH
CVG|SLC|MAX|6,CVG,SLC,MAX,6,01_Historical_Baseline,999.0,LOW
DEN|ATL|MAX|3,DEN,ATL,MAX,3,02_Recent_2W,0.0,HIGH
DEN|ATL|MAX|4,DEN,ATL,MAX,4,02_Recent_2W,0.0,HIGH
DEN|ATL|MAX|5,DEN,ATL,MAX,5,01_Historical_Baseline,999.0,LOW
DEN|ATL|MAX|6,DEN,ATL,MAX,6,01_Historical_Baseline,999.0,LOW
DEN|ATL|MAX|7,DEN,ATL,MAX,7,01_Historical_Baseline,999.0,LOW
DEN|BOS|EXP|3,DEN,BOS,EXP,3,08_Week_Specific,0.0,HIGH
DEN|BOS|EXP|4,DEN,BOS,EXP,4,11_Hybrid_Week_Blend,0.6250000000000089,HIGH
DEN|BOS|EXP|5,DEN,BOS,EXP,5,01_Historical_Baseline,0.0,HIGH
DEN|BOS|EXP|6,DEN,BOS,EXP,6,01_Historical_Baseline,0.0,HIGH
DEN|BOS|MAX|3,DEN,BOS,MAX,3,02_Recent_2W,0.0,HIGH
DEN|BOS|MAX|4,DEN,BOS,MAX,4,02_Recent_2W,0.0,HIGH
DEN|BOS|MAX|5,DEN,BOS,MAX,5,01_Historical_Baseline,999.0,LOW
DEN|BOS|MAX|6,DEN,BOS,MAX,6,01_Historical_Baseline,999.0,LOW
DEN|BOS|MAX|7,DEN,BOS,MAX,7,01_Historical_Baseline,999.0,LOW
DEN|CAK|EXP|3,DEN,CAK,EXP,3,01_Historical_Baseline,0.0,HIGH
DEN|CAK|MAX|3,DEN,CAK,MAX,3,07_Same_Week_Last_Year,0.0,HIGH
DEN|CAK|MAX|4,DEN,CAK,MAX,4,01_Historical_Baseline,0.0,HIGH
DEN|CAK|MAX|5,DEN,CAK,MAX,5,01_Historical_Baseline,999.0,LOW
DEN|CAK|MAX|6,DEN,CAK,MAX,6,01_Historical_Baseline,999.0,LOW
DEN|CAK|MAX|7,DEN,CAK,MAX,7,01_Historical_Baseline,999.0,LOW
DEN|CLT|EXP|3,DEN,CLT,EXP,3,18_Clustering,45.81265508684863,MEDIUM
DEN|CLT|EXP|4,DEN,CLT,EXP,4,13_Weighted_Recent_Week,0.0,HIGH
DEN|CLT|EXP|5,DEN,CLT,EXP,5,01_Historical_Baseline,0.0,HIGH
DEN|CLT|MAX|3,DEN,CLT,MAX,3,11_Hybrid_Week_Blend,2.499999999999991,HIGH
DEN|CLT|MAX|4,DEN,CLT,MAX,4,01_Historical_Baseline,0.0,HIGH
DEN|CLT|MAX|5,DEN,CLT,MAX,5,01_Historical_Baseline,0.0,HIGH
DEN|CLT|MAX|6,DEN,CLT,MAX,6,01_Historical_Baseline,0.0,HIGH
DEN|CLT|MAX|7,DEN,CLT,MAX,7,01_Historical_Baseline,0.0,HIGH
DEN|CVG|MAX|3,DEN,CVG,MAX,3,02_Recent_2W,0.0,HIGH
DEN|CVG|MAX|4,DEN,CVG,MAX,4,01_Historical_Baseline,0.0,HIGH
DEN|CVG|MAX|5,DEN,CVG,MAX,5,01_Historical_Baseline,999.0,LOW
DEN|CVG|MAX|6,DEN,CVG,MAX,6,01_Historical_Baseline,999.0,LOW
DEN|CVG|MAX|7,DEN,CVG,MAX,7,01_Historical_Baseline,0.0,HIGH
DEN|DFW|MAX|3,DEN,DFW,MAX,3,01_Historical_Baseline,999.0,LOW
DEN|EWR|EXP|3,DEN,EWR,EXP,3,18_Clustering,21.510545905707193,MEDIUM
DEN|EWR|EXP|4,DEN,EWR,EXP,4,08_Week_Specific,10.0,HIGH
DEN|EWR|EXP|5,DEN,EWR,EXP,5,01_Historical_Baseline,0.0,HIGH
DEN|EWR|MAX|3,DEN,EWR,MAX,3,02_Recent_2W,0.0,HIGH
DEN|EWR|MAX|4,DEN,EWR,MAX,4,02_Recent_2W,0.0,HIGH
DEN|EWR|MAX|5,DEN,EWR,MAX,5,01_Historical_Baseline,999.0,LOW
DEN|EWR|MAX|6,DEN,EWR,MAX,6,01_Historical_Baseline,999.0,LOW
DEN|EWR|MAX|7,DEN,EWR,MAX,7,01_Historical_Baseline,999.0,LOW
DEN|IAD|EXP|3,DEN,IAD,EXP,3,18_Clustering,21.510545905707193,MEDIUM
DEN|IAD|EXP|4,DEN,IAD,EXP,4,11_Hybrid_Week_Blend,7.000000000000011,HIGH
DEN|IAD|EXP|5,DEN,IAD,EXP,5,01_Historical_Baseline,0.0,HIGH
DEN|IAD|MAX|3,DEN,IAD,MAX,3,02_Recent_2W,0.0,HIGH
DEN|IAD|MAX|4,DEN,IAD,MAX,4,01_Historical_Baseline,0.0,HIGH
DEN|IAD|MAX|5,DEN,IAD,MAX,5,01_Historical_Baseline,999.0,LOW
DEN|IAD|MAX|6,DEN,IAD,MAX,6,01_Historical_Baseline,999.0,LOW
DEN|IAD|MAX|7,DEN,IAD,MAX,7,01_Historical_Baseline,999.0,LOW
DEN|IAH|MAX|3,DEN,IAH,MAX,3,01_Historical_Baseline,0.0,HIGH
DEN|IAH|MAX|4,DEN,IAH,MAX,4,01_Historical_Baseline,0.0,HIGH
DEN|IAH|MAX|5,DEN,IAH,MAX,5,01_Historical_Baseline,999.0,LOW
DEN|IAH|MAX|6,DEN,IAH,MAX,6,01_Historical_Baseline,999.0,LOW
DEN|IAH|MAX|7,DEN,IAH,MAX,7,01_Historical_Baseline,999.0,LOW
DEN|LAX|MAX|3,DEN,LAX,MAX,3,12_Median_Recent,0.0,HIGH
DEN|LAX|MAX|4,DEN,LAX,MAX,4,07_Same_Week_Last_Year,0.0,HIGH
DEN|LAX|MAX|5,DEN,LAX,MAX,5,01_Historical_Baseline,999.0,LOW
DEN|LAX|MAX|6,DEN,LAX,MAX,6,01_Historical_Baseline,999.0,LOW
DEN|MCI|MAX|3,DEN,MCI,MAX,3,07_Same_Week_Last_Year,0.0,HIGH
DEN|MCI|MAX|4,DEN,MCI,MAX,4,02_Recent_2W,0.0,HIGH
DEN|MCI|MAX|5,DEN,MCI,MAX,5,01_Historical_Baseline,0.0,HIGH
DEN|MCI|MAX|6,DEN,MCI,MAX,6,01_Historical_Baseline,0.0,HIGH
DEN|MCI|MAX|7,DEN,MCI,MAX,7,01_Historical_Baseline,0.0,HIGH
DEN|MCO|EXP|3,DEN,MCO,EXP,3,18_Clustering,18.992969396195203,HIGH
DEN|MCO|EXP|4,DEN,MCO,EXP,4,11_Hybrid_Week_Blend,1.6666666666666756,HIGH
DEN|MCO|EXP|5,DEN,MCO,EXP,5,01_Historical_Baseline,0.0,HIGH
DEN|MCO|MAX|3,DEN,MCO,MAX,3,02_Recent_2W,0.0,HIGH
DEN|MCO|MAX|4,DEN,MCO,MAX,4,02_Recent_2W,0.0,HIGH
DEN|MCO|MAX|5,DEN,MCO,MAX,5,01_Historical_Baseline,999.0,LOW
DEN|MCO|MAX|6,DEN,MCO,MAX,6,01_Historical_Baseline,999.0,LOW
DEN|MCO|MAX|7,DEN,MCO,MAX,7,01_Historical_Baseline,999.0,LOW
DEN|ORD|MAX|3,DEN,ORD,MAX,3,07_Same_Week_Last_Year,0.0,HIGH
DEN|ORD|MAX|4,DEN,ORD,MAX,4,02_Recent_2W,0.0,HIGH
DEN|ORD|MAX|5,DEN,ORD,MAX,5,01_Historical_Baseline,999.0,LOW
DEN|ORD|MAX|6,DEN,ORD,MAX,6,01_Historical_Baseline,999.0,LOW
DEN|ORD|MAX|7,DEN,ORD,MAX,7,01_Historical_Baseline,999.0,LOW
DEN|PHX|EXP|3,DEN,PHX,EXP,3,14_SARIMA,75.48184541407339,LOW
DEN|PHX|EXP|4,DEN,PHX,EXP,4,02_Recent_2W,0.0,HIGH
DEN|PHX|EXP|5,DEN,PHX,EXP,5,01_Historical_Baseline,999.0,LOW
DEN|PHX|MAX|3,DEN,PHX,MAX,3,08_Week_Specific,15.0,HIGH
DEN|PHX|MAX|4,DEN,PHX,MAX,4,12_Median_Recent,0.0,HIGH
DEN|PHX|MAX|5,DEN,PHX,MAX,5,01_Historical_Baseline,999.0,LOW
DEN|PHX|MAX|6,DEN,PHX,MAX,6,01_Historical_Baseline,999.0,LOW
DEN|PHX|MAX|7,DEN,PHX,MAX,7,01_Historical_Baseline,999.0,LOW
DEN|SEA|MAX|3,DEN,SEA,MAX,3,01_Historical_Baseline,0.0,HIGH
DEN|SEA|MAX|4,DEN,SEA,MAX,4,02_Recent_2W,0.0,HIGH
DEN|SEA|MAX|5,DEN,SEA,MAX,5,01_Historical_Baseline,999.0,LOW
DEN|SEA|MAX|6,DEN,SEA,MAX,6,01_Historical_Baseline,999.0,LOW
DEN|SEA|MAX|7,DEN,SEA,MAX,7,01_Historical_Baseline,0.0,HIGH
DEN|SFO|MAX|3,DEN,SFO,MAX,3,07_Same_Week_Last_Year,0.0,HIGH
DEN|SFO|MAX|4,DEN,SFO,MAX,4,02_Recent_2W,0.0,HIGH
DEN|SFO|MAX|5,DEN,SFO,MAX,5,01_Historical_Baseline,999.0,LOW
DEN|SFO|MAX|6,DEN,SFO,MAX,6,01_Historical_Baseline,999.0,LOW
DEN|SFO|MAX|7,DEN,SFO,MAX,7,01_Historical_Baseline,999.0,LOW
DFW|ATL|MAX|2,DFW,ATL,MAX,2,01_Historical_Baseline,0.0,HIGH
DFW|ATL|MAX|4,DFW,ATL,MAX,4,02_Recent_2W,0.0,HIGH
DFW|BOS|MAX|2,DFW,BOS,MAX,2,09_Exp_Smoothing,14.399999999999991,HIGH
DFW|BOS|MAX|3,DFW,BOS,MAX,3,12_Median_Recent,9.523809523809524,HIGH
DFW|BOS|MAX|4,DFW,BOS,MAX,4,04_Recent_8W,1.3157894736842104,HIGH
DFW|BOS|MAX|5,DFW,BOS,MAX,5,01_Historical_Baseline,999.0,LOW
DFW|BOS|MAX|6,DFW,BOS,MAX,6,01_Historical_Baseline,999.0,LOW
DFW|BOS|MAX|7,DFW,BOS,MAX,7,01_Historical_Baseline,999.0,LOW
DFW|CAK|MAX|2,DFW,CAK,MAX,2,10_Probabilistic,16.66666666666668,HIGH
DFW|CAK|MAX|3,DFW,CAK,MAX,3,01_Historical_Baseline,13.636363636363637,HIGH
DFW|CAK|MAX|4,DFW,CAK,MAX,4,04_Recent_8W,6.61764705882353,HIGH
DFW|CAK|MAX|5,DFW,CAK,MAX,5,01_Historical_Baseline,999.0,LOW
DFW|CAK|MAX|6,DFW,CAK,MAX,6,01_Historical_Baseline,999.0,LOW
DFW|CLT|MAX|2,DFW,CLT,MAX,2,06_Prior_Week,7.6923076923076925,HIGH
DFW|CLT|MAX|3,DFW,CLT,MAX,3,12_Median_Recent,0.0,HIGH
DFW|CLT|MAX|4,DFW,CLT,MAX,4,04_Recent_8W,0.5434782608695652,HIGH
DFW|CLT|MAX|5,DFW,CLT,MAX,5,01_Historical_Baseline,0.0,HIGH
DFW|CLT|MAX|6,DFW,CLT,MAX,6,01_Historical_Baseline,0.0,HIGH
DFW|EWR|MAX|2,DFW,EWR,MAX,2,16_ML_Regressor,8.960698198198195,HIGH
DFW|EWR|MAX|3,DFW,EWR,MAX,3,12_Median_Recent,2.5,HIGH
DFW|EWR|MAX|4,DFW,EWR,MAX,4,01_Historical_Baseline,6.25,HIGH
DFW|EWR|MAX|5,DFW,EWR,MAX,5,01_Historical_Baseline,999.0,LOW
DFW|EWR|MAX|6,DFW,EWR,MAX,6,01_Historical_Baseline,999.0,LOW
DFW|IAD|MAX|2,DFW,IAD,MAX,2,10_Probabilistic,18.518518518518523,HIGH
DFW|IAD|MAX|3,DFW,IAD,MAX,3,01_Historical_Baseline,18.75,HIGH
DFW|IAD|MAX|4,DFW,IAD,MAX,4,04_Recent_8W,14.0625,HIGH
DFW|IAD|MAX|5,DFW,IAD,MAX,5,01_Historical_Baseline,999.0,LOW
DFW|IAD|MAX|6,DFW,IAD,MAX,6,01_Historical_Baseline,999.0,LOW
DFW|LAX|MAX|2,DFW,LAX,MAX,2,02_Recent_2W,0.0,HIGH
DFW|LAX|MAX|3,DFW,LAX,MAX,3,06_Prior_Week,21.73913043478261,MEDIUM
DFW|LAX|MAX|4,DFW,LAX,MAX,4,07_Same_Week_Last_Year,4.545454545454546,HIGH
DFW|LAX|MAX|5,DFW,LAX,MAX,5,01_Historical_Baseline,999.0,LOW
DFW|LAX|MAX|6,DFW,LAX,MAX,6,01_Historical_Baseline,999.0,LOW
DFW|MCO|MAX|3,DFW,MCO,MAX,3,01_Historical_Baseline,29.166666666666668,MEDIUM
DFW|MCO|MAX|4,DFW,MCO,MAX,4,07_Same_Week_Last_Year,25.0,MEDIUM
DFW|MCO|MAX|5,DFW,MCO,MAX,5,01_Historical_Baseline,999.0,LOW
DFW|MCO|MAX|6,DFW,MCO,MAX,6,01_Historical_Baseline,999.0,LOW
DFW|ORD|MAX|2,DFW,ORD,MAX,2,10_Probabilistic,72.91666666666667,LOW
DFW|ORD|MAX|3,DFW,ORD,MAX,3,07_Same_Week_Last_Year,0.0,HIGH
DFW|ORD|MAX|4,DFW,ORD,MAX,4,12_Median_Recent,0.0,HIGH
DFW|ORD|MAX|5,DFW,ORD,MAX,5,07_Same_Week_Last_Year,0.0,HIGH
DFW|ORD|MAX|6,DFW,ORD,MAX,6,07_Same_Week_Last_Year,0.0,HIGH
DFW|PHX|MAX|2,DFW,PHX,MAX,2,01_Historical_Baseline,0.0,HIGH
DFW|PHX|MAX|3,DFW,PHX,MAX,3,07_Same_Week_Last_Year,0.0,HIGH
DFW|PHX|MAX|4,DFW,PHX,MAX,4,01_Historical_Baseline,0.0,HIGH
DFW|PHX|MAX|5,DFW,PHX,MAX,5,07_Same_Week_Last_Year,0.0,HIGH
DFW|PHX|MAX|6,DFW,PHX,MAX,6,07_Same_Week_Last_Year,0.0,HIGH
DFW|PHX|MAX|7,DFW,PHX,MAX,7,07_Same_Week_Last_Year,0.0,HIGH
DFW|SEA|EXP|2,DFW,SEA,EXP,2,16_ML_Regressor,73.79336420889666,LOW
DFW|SEA|EXP|3,DFW,SEA,EXP,3,14_SARIMA,1.2099019416239605,HIGH
DFW|SEA|EXP|4,DFW,SEA,EXP,4,03_Recent_4W_HYBRID,6.678082191780822,HIGH
DFW|SEA|EXP|5,DFW,SEA,EXP,5,01_Historical_Baseline,999.0,LOW
DFW|SEA|EXP|6,DFW,SEA,EXP,6,01_Historical_Baseline,999.0,LOW
DFW|SEA|EXP|7,DFW,SEA,EXP,7,01_Historical_Baseline,999.0,LOW
DFW|SEA|MAX|2,DFW,SEA,MAX,2,03_Recent_4W_HYBRID,10.869565217391305,HIGH
DFW|SEA|MAX|3,DFW,SEA,MAX,3,05_Trend_Adjusted,13.894628099173543,HIGH
DFW|SEA|MAX|4,DFW,SEA,MAX,4,08_Week_Specific,9.523809523809527,HIGH
DFW|SEA|MAX|5,DFW,SEA,MAX,5,01_Historical_Baseline,999.0,LOW
DFW|SEA|MAX|6,DFW,SEA,MAX,6,01_Historical_Baseline,999.0,LOW
DFW|SEA|MAX|7,DFW,SEA,MAX,7,01_Historical_Baseline,999.0,LOW
DFW|SFO|MAX|2,DFW,SFO,MAX,2,06_Prior_Week,11.363636363636363,HIGH
DFW|SFO|MAX|3,DFW,SFO,MAX,3,01_Historical_Baseline,13.333333333333334,HIGH
DFW|SFO|MAX|4,DFW,SFO,MAX,4,13_Weighted_Recent_Week,0.2314814814814683,HIGH
DFW|SFO|MAX|5,DFW,SFO,MAX,5,01_Historical_Baseline,999.0,LOW
DFW|SFO|MAX|6,DFW,SFO,MAX,6,01_Historical_Baseline,999.0,LOW
DFW|SLC|EXP|7,DFW,SLC,EXP,7,08_Week_Specific,0.0,HIGH
DFW|SLC|MAX|3,DFW,SLC,MAX,3,01_Historical_Baseline,0.0,HIGH
DFW|SLC|MAX|4,DFW,SLC,MAX,4,11_Hybrid_Week_Blend,1.8333333333333357,HIGH
DFW|SLC|MAX|5,DFW,SLC,MAX,5,01_Historical_Baseline,999.0,LOW
DFW|SLC|MAX|6,DFW,SLC,MAX,6,01_Historical_Baseline,999.0,LOW
DFW|SLC|MAX|7,DFW,SLC,MAX,7,01_Historical_Baseline,999.0,LOW
EWR|DEN|EXP|3,EWR,DEN,EXP,3,01_Historical_Baseline,0.0,HIGH
EWR|DEN|EXP|4,EWR,DEN,EXP,4,01_Historical_Baseline,0.0,HIGH
EWR|DEN|EXP|5,EWR,DEN,EXP,5,01_Historical_Baseline,0.0,HIGH
EWR|DEN|MAX|2,EWR,DEN,MAX,2,16_ML_Regressor,13.09960915168222,HIGH
EWR|DEN|MAX|3,EWR,DEN,MAX,3,18_Clustering,2.0047169811320686,HIGH
EWR|DEN|MAX|4,EWR,DEN,MAX,4,14_SARIMA,9.034486489516198,HIGH
EWR|DEN|MAX|5,EWR,DEN,MAX,5,01_Historical_Baseline,999.0,LOW
EWR|DEN|MAX|6,EWR,DEN,MAX,6,01_Historical_Baseline,0.0,HIGH
EWR|DEN|MAX|7,EWR,DEN,MAX,7,01_Historical_Baseline,999.0,LOW
EWR|DFW|MAX|2,EWR,DFW,MAX,2,05_Trend_Adjusted,26.82926829268293,MEDIUM
EWR|DFW|MAX|3,EWR,DFW,MAX,3,07_Same_Week_Last_Year,5.88235294117647,HIGH
EWR|DFW|MAX|4,EWR,DFW,MAX,4,13_Weighted_Recent_Week,0.2906976744186046,HIGH
EWR|IAH|MAX|2,EWR,IAH,MAX,2,16_ML_Regressor,39.57790566410817,MEDIUM
EWR|IAH|MAX|3,EWR,IAH,MAX,3,16_ML_Regressor,14.484571110597672,HIGH
EWR|IAH|MAX|4,EWR,IAH,MAX,4,16_ML_Regressor,2.5549574255145524,HIGH
EWR|IAH|MAX|6,EWR,IAH,MAX,6,01_Historical_Baseline,0.0,HIGH
EWR|LAX|EXP|3,EWR,LAX,EXP,3,01_Historical_Baseline,0.0,HIGH
EWR|LAX|EXP|4,EWR,LAX,EXP,4,01_Historical_Baseline,0.0,HIGH
EWR|LAX|EXP|5,EWR,LAX,EXP,5,01_Historical_Baseline,0.0,HIGH
EWR|LAX|MAX|2,EWR,LAX,MAX,2,01_Historical_Baseline,0.0,HIGH
EWR|LAX|MAX|3,EWR,LAX,MAX,3,01_Historical_Baseline,0.0,HIGH
EWR|LAX|MAX|4,EWR,LAX,MAX,4,01_Historical_Baseline,0.0,HIGH
EWR|LAX|MAX|5,EWR,LAX,MAX,5,01_Historical_Baseline,0.0,HIGH
EWR|LAX|MAX|6,EWR,LAX,MAX,6,01_Historical_Baseline,999.0,LOW
EWR|LAX|MAX|7,EWR,LAX,MAX,7,15_ML_Classifier_Simple_Vol,0.0,HIGH
EWR|MCI|MAX|2,EWR,MCI,MAX,2,07_Same_Week_Last_Year,42.857142857142854,MEDIUM
EWR|MCI|MAX|3,EWR,MCI,MAX,3,06_Prior_Week,4.062499999999991,HIGH
EWR|MCI|MAX|4,EWR,MCI,MAX,4,05_Trend_Adjusted,5.214874411302985,HIGH
EWR|MCI|MAX|6,EWR,MCI,MAX,6,01_Historical_Baseline,0.0,HIGH
EWR|MCO|MAX|2,EWR,MCO,MAX,2,01_Historical_Baseline,100.0,LOW
EWR|MCO|MAX|3,EWR,MCO,MAX,3,02_Recent_2W,50.0,LOW
EWR|MCO|MAX|4,EWR,MCO,MAX,4,05_Trend_Adjusted,15.625,HIGH
EWR|MCO|MAX|5,EWR,MCO,MAX,5,01_Historical_Baseline,0.0,HIGH
EWR|MCO|MAX|6,EWR,MCO,MAX,6,14_SARIMA,0.0,HIGH
EWR|PHX|MAX|2,EWR,PHX,MAX,2,05_Trend_Adjusted,2.360681114551088,HIGH
EWR|PHX|MAX|3,EWR,PHX,MAX,3,16_ML_Regressor,14.306842370447084,HIGH
EWR|PHX|MAX|4,EWR,PHX,MAX,4,07_Same_Week_Last_Year,3.225806451612903,HIGH
EWR|PHX|MAX|6,EWR,PHX,MAX,6,07_Same_Week_Last_Year,0.0,HIGH
EWR|PHX|MAX|7,EWR,PHX,MAX,7,07_Same_Week_Last_Year,0.0,HIGH
EWR|SEA|EXP|3,EWR,SEA,EXP,3,01_Historical_Baseline,0.0,HIGH
EWR|SEA|EXP|4,EWR,SEA,EXP,4,01_Historical_Baseline,0.0,HIGH
EWR|SEA|EXP|5,EWR,SEA,EXP,5,01_Historical_Baseline,0.0,HIGH
EWR|SEA|EXP|6,EWR,SEA,EXP,6,01_Historical_Baseline,0.0,HIGH
EWR|SEA|EXP|7,EWR,SEA,EXP,7,01_Historical_Baseline,0.0,HIGH
EWR|SEA|MAX|2,EWR,SEA,MAX,2,05_Trend_Adjusted,1.0080645161290325,HIGH
EWR|SEA|MAX|3,EWR,SEA,MAX,3,04_Recent_8W,3.8461538461538463,HIGH
EWR|SEA|MAX|4,EWR,SEA,MAX,4,13_Weighted_Recent_Week,2.473958333333337,HIGH
EWR|SEA|MAX|5,EWR,SEA,MAX,5,01_Historical_Baseline,0.0,HIGH
EWR|SEA|MAX|6,EWR,SEA,MAX,6,01_Historical_Baseline,999.0,LOW
EWR|SEA|MAX|7,EWR,SEA,MAX,7,01_Historical_Baseline,999.0,LOW
EWR|SFO|EXP|3,EWR,SFO,EXP,3,01_Historical_Baseline,0.0,HIGH
EWR|SFO|EXP|4,EWR,SFO,EXP,4,01_Historical_Baseline,0.0,HIGH
EWR|SFO|EXP|5,EWR,SFO,EXP,5,01_Historical_Baseline,0.0,HIGH
EWR|SFO|EXP|6,EWR,SFO,EXP,6,01_Historical_Baseline,0.0,HIGH
EWR|SFO|EXP|7,EWR,SFO,EXP,7,01_Historical_Baseline,0.0,HIGH
EWR|SFO|MAX|2,EWR,SFO,MAX,2,05_Trend_Adjusted,4.649814471243053,HIGH
EWR|SFO|MAX|3,EWR,SFO,MAX,3,04_Recent_8W,5.0,HIGH
EWR|SFO|MAX|4,EWR,SFO,MAX,4,07_Same_Week_Last_Year,0.0,HIGH
EWR|SFO|MAX|5,EWR,SFO,MAX,5,01_Historical_Baseline,0.0,HIGH
EWR|SFO|MAX|6,EWR,SFO,MAX,6,01_Historical_Baseline,999.0,LOW
EWR|SFO|MAX|7,EWR,SFO,MAX,7,01_Historical_Baseline,999.0,LOW
EWR|SLC|EXP|3,EWR,SLC,EXP,3,06_Prior_Week,0.0,HIGH
EWR|SLC|EXP|4,EWR,SLC,EXP,4,12_Median_Recent,4.545454545454546,HIGH
EWR|SLC|EXP|5,EWR,SLC,EXP,5,01_Historical_Baseline,0.0,HIGH
EWR|SLC|MAX|2,EWR,SLC,MAX,2,09_Exp_Smoothing,1.6129032258064515,HIGH
EWR|SLC|MAX|3,EWR,SLC,MAX,3,05_Trend_Adjusted,13.059033989266542,HIGH
EWR|SLC|MAX|4,EWR,SLC,MAX,4,18_Clustering,27.093672456575685,MEDIUM
EWR|SLC|MAX|5,EWR,SLC,MAX,5,01_Historical_Baseline,999.0,LOW
EWR|SLC|MAX|6,EWR,SLC,MAX,6,01_Historical_Baseline,999.0,LOW
EWR|SLC|MAX|7,EWR,SLC,MAX,7,01_Historical_Baseline,999.0,LOW
IAD|DEN|EXP|3,IAD,DEN,EXP,3,18_Clustering,143.02109181141438,LOW
IAD|DEN|EXP|4,IAD,DEN,EXP,4,14_SARIMA,36.86590763072357,MEDIUM
IAD|DEN|EXP|5,IAD,DEN,EXP,5,01_Historical_Baseline,999.0,LOW
IAD|DEN|MAX|3,IAD,DEN,MAX,3,02_Recent_2W,20.0,MEDIUM
IAD|DEN|MAX|4,IAD,DEN,MAX,4,07_Same_Week_Last_Year,0.0,HIGH
IAD|DEN|MAX|5,IAD,DEN,MAX,5,01_Historical_Baseline,999.0,LOW
IAD|DEN|MAX|6,IAD,DEN,MAX,6,01_Historical_Baseline,999.0,LOW
IAD|DEN|MAX|7,IAD,DEN,MAX,7,01_Historical_Baseline,999.0,LOW
IAD|DFW|MAX|3,IAD,DFW,MAX,3,01_Historical_Baseline,458.3333333333333,LOW
IAD|DFW|MAX|4,IAD,DFW,MAX,4,01_Historical_Baseline,62.5,LOW
IAD|DFW|MAX|5,IAD,DFW,MAX,5,01_Historical_Baseline,999.0,LOW
IAD|DFW|MAX|6,IAD,DFW,MAX,6,01_Historical_Baseline,999.0,LOW
IAD|IAH|MAX|3,IAD,IAH,MAX,3,01_Historical_Baseline,116.66666666666669,LOW
IAD|IAH|MAX|4,IAD,IAH,MAX,4,01_Historical_Baseline,125.0,LOW
IAD|IAH|MAX|5,IAD,IAH,MAX,5,01_Historical_Baseline,999.0,LOW
IAD|IAH|MAX|6,IAD,IAH,MAX,6,01_Historical_Baseline,999.0,LOW
IAD|LAX|MAX|3,IAD,LAX,MAX,3,04_Recent_8W,18.75,HIGH
IAD|LAX|MAX|4,IAD,LAX,MAX,4,09_Exp_Smoothing,8.333333333333348,HIGH
IAD|LAX|MAX|5,IAD,LAX,MAX,5,01_Historical_Baseline,999.0,LOW
IAD|LAX|MAX|6,IAD,LAX,MAX,6,01_Historical_Baseline,999.0,LOW
IAD|LAX|MAX|7,IAD,LAX,MAX,7,01_Historical_Baseline,999.0,LOW
IAD|MCI|MAX|3,IAD,MCI,MAX,3,01_Historical_Baseline,100.0,LOW
IAD|MCI|MAX|4,IAD,MCI,MAX,4,01_Historical_Baseline,100.0,LOW
IAD|MCI|MAX|5,IAD,MCI,MAX,5,01_Historical_Baseline,0.0,HIGH
IAD|MCI|MAX|6,IAD,MCI,MAX,6,01_Historical_Baseline,0.0,HIGH
IAD|MCO|MAX|3,IAD,MCO,MAX,3,01_Historical_Baseline,999.0,LOW
IAD|MCO|MAX|4,IAD,MCO,MAX,4,01_Historical_Baseline,999.0,LOW
IAD|MCO|MAX|5,IAD,MCO,MAX,5,14_SARIMA,0.0,HIGH
IAD|MCO|MAX|6,IAD,MCO,MAX,6,01_Historical_Baseline,999.0,LOW
IAD|ORD|MAX|3,IAD,ORD,MAX,3,01_Historical_Baseline,999.0,LOW
IAD|ORD|MAX|4,IAD,ORD,MAX,4,01_Historical_Baseline,999.0,LOW
IAD|ORD|MAX|5,IAD,ORD,MAX,5,14_SARIMA,0.0,HIGH
IAD|ORD|MAX|6,IAD,ORD,MAX,6,01_Historical_Baseline,999.0,LOW
IAD|PHX|MAX|3,IAD,PHX,MAX,3,01_Historical_Baseline,33.33333333333333,MEDIUM
IAD|PHX|MAX|4,IAD,PHX,MAX,4,01_Historical_Baseline,25.0,MEDIUM
IAD|PHX|MAX|5,IAD,PHX,MAX,5,01_Historical_Baseline,999.0,LOW
IAD|PHX|MAX|6,IAD,PHX,MAX,6,01_Historical_Baseline,999.0,LOW
IAD|PHX|MAX|7,IAD,PHX,MAX,7,01_Historical_Baseline,999.0,LOW
IAD|SEA|EXP|3,IAD,SEA,EXP,3,18_Clustering,82.26581885856079,LOW
IAD|SEA|EXP|4,IAD,SEA,EXP,4,08_Week_Specific,6.666666666666661,HIGH
IAD|SEA|EXP|5,IAD,SEA,EXP,5,01_Historical_Baseline,999.0,LOW
IAD|SEA|EXP|6,IAD,SEA,EXP,6,01_Historical_Baseline,999.0,LOW
IAD|SEA|EXP|7,IAD,SEA,EXP,7,01_Historical_Baseline,999.0,LOW
IAD|SEA|MAX|3,IAD,SEA,MAX,3,02_Recent_2W,0.0,HIGH
IAD|SEA|MAX|4,IAD,SEA,MAX,4,16_ML_Regressor,6.26744476424283,HIGH
IAD|SEA|MAX|5,IAD,SEA,MAX,5,01_Historical_Baseline,999.0,LOW
IAD|SEA|MAX|6,IAD,SEA,MAX,6,01_Historical_Baseline,999.0,LOW
IAD|SEA|MAX|7,IAD,SEA,MAX,7,01_Historical_Baseline,999.0,LOW
IAD|SFO|EXP|3,IAD,SFO,EXP,3,08_Week_Specific,387.5,LOW
IAD|SFO|EXP|4,IAD,SFO,EXP,4,04_Recent_8W,22.5,MEDIUM
IAD|SFO|EXP|5,IAD,SFO,EXP,5,01_Historical_Baseline,999.0,LOW
IAD|SFO|EXP|6,IAD,SFO,EXP,6,01_Historical_Baseline,999.0,LOW
IAD|SFO|EXP|7,IAD,SFO,EXP,7,01_Historical_Baseline,999.0,LOW
IAD|SFO|MAX|3,IAD,SFO,MAX,3,09_Exp_Smoothing,2.0000000000000107,HIGH
IAD|SFO|MAX|4,IAD,SFO,MAX,4,02_Recent_2W,4.166666666666666,HIGH
IAD|SFO|MAX|5,IAD,SFO,MAX,5,01_Historical_Baseline,999.0,LOW
IAD|SFO|MAX|6,IAD,SFO,MAX,6,01_Historical_Baseline,999.0,LOW
IAD|SFO|MAX|7,IAD,SFO,MAX,7,01_Historical_Baseline,999.0,LOW
IAD|SLC|EXP|3,IAD,SLC,EXP,3,01_Historical_Baseline,50.0,LOW
IAD|SLC|EXP|4,IAD,SLC,EXP,4,01_Historical_Baseline,0.0,HIGH
IAD|SLC|EXP|5,IAD,SLC,EXP,5,01_Historical_Baseline,999.0,LOW
IAD|SLC|MAX|3,IAD,SLC,MAX,3,11_Hybrid_Week_Blend,3.3333333333333215,HIGH
IAD|SLC|MAX|4,IAD,SLC,MAX,4,09_Exp_Smoothing,4.0000000000000036,HIGH
IAD|SLC|MAX|5,IAD,SLC,MAX,5,07_Same_Week_Last_Year,0.0,HIGH
IAD|SLC|MAX|6,IAD,SLC,MAX,6,01_Historical_Baseline,999.0,LOW
IAD|SLC|MAX|7,IAD,SLC,MAX,7,01_Historical_Baseline,999.0,LOW
IAH|BOS|EXP|3,IAH,BOS,EXP,3,04_Recent_8W,26.0,MEDIUM
IAH|BOS|EXP|4,IAH,BOS,EXP,4,04_Recent_8W,5.978260869565218,HIGH
IAH|BOS|EXP|5,IAH,BOS,EXP,5,01_Historical_Baseline,999.0,LOW
IAH|BOS|EXP|6,IAH,BOS,EXP,6,01_Historical_Baseline,999.0,LOW
IAH|BOS|EXP|7,IAH,BOS,EXP,7,01_Historical_Baseline,999.0,LOW
IAH|BOS|MAX|3,IAH,BOS,MAX,3,02_Recent_2W,0.0,HIGH
IAH|BOS|MAX|4,IAH,BOS,MAX,4,02_Recent_2W,0.0,HIGH
IAH|BOS|MAX|5,IAH,BOS,MAX,5,01_Historical_Baseline,999.0,LOW
IAH|BOS|MAX|6,IAH,BOS,MAX,6,01_Historical_Baseline,999.0,LOW
IAH|BOS|MAX|7,IAH,BOS,MAX,7,01_Historical_Baseline,999.0,LOW
IAH|CAK|MAX|3,IAH,CAK,MAX,3,02_Recent_2W,0.0,HIGH
IAH|CAK|MAX|4,IAH,CAK,MAX,4,02_Recent_2W,0.0,HIGH
IAH|CAK|MAX|5,IAH,CAK,MAX,5,01_Historical_Baseline,999.0,LOW
IAH|CAK|MAX|6,IAH,CAK,MAX,6,14_SARIMA,0.0,HIGH
IAH|CAK|MAX|7,IAH,CAK,MAX,7,01_Historical_Baseline,999.0,LOW
IAH|CLT|MAX|3,IAH,CLT,MAX,3,02_Recent_2W,0.0,HIGH
IAH|CLT|MAX|4,IAH,CLT,MAX,4,02_Recent_2W,0.0,HIGH
IAH|CLT|MAX|5,IAH,CLT,MAX,5,01_Historical_Baseline,0.0,HIGH
IAH|CLT|MAX|6,IAH,CLT,MAX,6,01_Historical_Baseline,0.0,HIGH
IAH|CLT|MAX|7,IAH,CLT,MAX,7,01_Historical_Baseline,0.0,HIGH
IAH|CVG|MAX|3,IAH,CVG,MAX,3,01_Historical_Baseline,0.0,HIGH
IAH|CVG|MAX|4,IAH,CVG,MAX,4,02_Recent_2W,0.0,HIGH
IAH|CVG|MAX|5,IAH,CVG,MAX,5,01_Historical_Baseline,999.0,LOW
IAH|CVG|MAX|6,IAH,CVG,MAX,6,14_SARIMA,0.0,HIGH
IAH|DEN|MAX|3,IAH,DEN,MAX,3,01_Historical_Baseline,0.0,HIGH
IAH|DEN|MAX|4,IAH,DEN,MAX,4,02_Recent_2W,0.0,HIGH
IAH|DEN|MAX|5,IAH,DEN,MAX,5,01_Historical_Baseline,999.0,LOW
IAH|DEN|MAX|6,IAH,DEN,MAX,6,01_Historical_Baseline,999.0,LOW
IAH|EWR|MAX|3,IAH,EWR,MAX,3,14_SARIMA,8.320028763318277,HIGH
IAH|EWR|MAX|4,IAH,EWR,MAX,4,02_Recent_2W,0.0,HIGH
IAH|EWR|MAX|5,IAH,EWR,MAX,5,01_Historical_Baseline,0.0,HIGH
IAH|EWR|MAX|6,IAH,EWR,MAX,6,01_Historical_Baseline,999.0,LOW
IAH|EWR|MAX|7,IAH,EWR,MAX,7,01_Historical_Baseline,999.0,LOW
IAH|IAD|MAX|3,IAH,IAD,MAX,3,09_Exp_Smoothing,33.33333333333332,MEDIUM
IAH|IAD|MAX|4,IAH,IAD,MAX,4,02_Recent_2W,0.0,HIGH
IAH|IAD|MAX|5,IAH,IAD,MAX,5,01_Historical_Baseline,999.0,LOW
IAH|IAD|MAX|6,IAH,IAD,MAX,6,14_SARIMA,0.0,HIGH
IAH|IAD|MAX|7,IAH,IAD,MAX,7,01_Historical_Baseline,999.0,LOW
IAH|LAX|EXP|3,IAH,LAX,EXP,3,14_SARIMA,19.31861420721009,HIGH
IAH|LAX|EXP|4,IAH,LAX,EXP,4,12_Median_Recent,7.4074074074074066,HIGH
IAH|LAX|EXP|5,IAH,LAX,EXP,5,01_Historical_Baseline,999.0,LOW
IAH|LAX|MAX|3,IAH,LAX,MAX,3,04_Recent_8W,18.75,HIGH
IAH|LAX|MAX|4,IAH,LAX,MAX,4,12_Median_Recent,0.0,HIGH
IAH|LAX|MAX|5,IAH,LAX,MAX,5,01_Historical_Baseline,0.0,HIGH
IAH|LAX|MAX|6,IAH,LAX,MAX,6,14_SARIMA,0.0,HIGH
IAH|LAX|MAX|7,IAH,LAX,MAX,7,01_Historical_Baseline,999.0,LOW
IAH|MCI|MAX|3,IAH,MCI,MAX,3,12_Median_Recent,0.0,HIGH
IAH|MCI|MAX|4,IAH,MCI,MAX,4,02_Recent_2W,0.0,HIGH
IAH|MCI|MAX|5,IAH,MCI,MAX,5,01_Historical_Baseline,0.0,HIGH
IAH|MCI|MAX|6,IAH,MCI,MAX,6,01_Historical_Baseline,0.0,HIGH
IAH|MCO|MAX|3,IAH,MCO,MAX,3,04_Recent_8W,18.75,HIGH
IAH|MCO|MAX|4,IAH,MCO,MAX,4,01_Historical_Baseline,0.0,HIGH
IAH|MCO|MAX|5,IAH,MCO,MAX,5,01_Historical_Baseline,999.0,LOW
IAH|MCO|MAX|6,IAH,MCO,MAX,6,01_Historical_Baseline,999.0,LOW
IAH|ORD|MAX|3,IAH,ORD,MAX,3,02_Recent_2W,0.0,HIGH
IAH|ORD|MAX|4,IAH,ORD,MAX,4,01_Historical_Baseline,0.0,HIGH
IAH|ORD|MAX|5,IAH,ORD,MAX,5,01_Historical_Baseline,999.0,LOW
IAH|ORD|MAX|6,IAH,ORD,MAX,6,01_Historical_Baseline,999.0,LOW
IAH|PHX|MAX|3,IAH,PHX,MAX,3,02_Recent_2W,0.0,HIGH
IAH|PHX|MAX|4,IAH,PHX,MAX,4,02_Recent_2W,0.0,HIGH
IAH|PHX|MAX|5,IAH,PHX,MAX,5,01_Historical_Baseline,999.0,LOW
IAH|PHX|MAX|6,IAH,PHX,MAX,6,01_Historical_Baseline,999.0,LOW
IAH|SEA|EXP|3,IAH,SEA,EXP,3,04_Recent_8W,2.1739130434782608,HIGH
IAH|SEA|EXP|4,IAH,SEA,EXP,4,04_Recent_8W,0.78125,HIGH
IAH|SEA|EXP|5,IAH,SEA,EXP,5,01_Historical_Baseline,999.0,LOW
IAH|SEA|EXP|6,IAH,SEA,EXP,6,01_Historical_Baseline,999.0,LOW
IAH|SEA|EXP|7,IAH,SEA,EXP,7,01_Historical_Baseline,999.0,LOW
IAH|SEA|MAX|3,IAH,SEA,MAX,3,12_Median_Recent,0.0,HIGH
IAH|SEA|MAX|4,IAH,SEA,MAX,4,02_Recent_2W,0.0,HIGH
IAH|SEA|MAX|5,IAH,SEA,MAX,5,01_Historical_Baseline,999.0,LOW
IAH|SEA|MAX|6,IAH,SEA,MAX,6,01_Historical_Baseline,999.0,LOW
IAH|SEA|MAX|7,IAH,SEA,MAX,7,01_Historical_Baseline,999.0,LOW
IAH|SFO|EXP|3,IAH,SFO,EXP,3,01_Historical_Baseline,0.0,HIGH
IAH|SFO|EXP|4,IAH,SFO,EXP,4,01_Historical_Baseline,0.0,HIGH
IAH|SFO|MAX|3,IAH,SFO,MAX,3,02_Recent_2W,0.0,HIGH
IAH|SFO|MAX|4,IAH,SFO,MAX,4,02_Recent_2W,0.0,HIGH
IAH|SFO|MAX|5,IAH,SFO,MAX,5,01_Historical_Baseline,999.0,LOW
IAH|SFO|MAX|6,IAH,SFO,MAX,6,01_Historical_Baseline,999.0,LOW
IAH|SFO|MAX|7,IAH,SFO,MAX,7,01_Historical_Baseline,999.0,LOW
IAH|SLC|EXP|3,IAH,SLC,EXP,3,18_Clustering,45.81265508684863,MEDIUM
IAH|SLC|EXP|4,IAH,SLC,EXP,4,18_Clustering,21.510545905707193,MEDIUM
IAH|SLC|EXP|5,IAH,SLC,EXP,5,01_Historical_Baseline,999.0,LOW
IAH|SLC|EXP|6,IAH,SLC,EXP,6,08_Week_Specific,0.0,HIGH
IAH|SLC|EXP|7,IAH,SLC,EXP,7,01_Historical_Baseline,999.0,LOW
IAH|SLC|MAX|3,IAH,SLC,MAX,3,12_Median_Recent,0.0,HIGH
IAH|SLC|MAX|4,IAH,SLC,MAX,4,07_Same_Week_Last_Year,0.0,HIGH
IAH|SLC|MAX|5,IAH,SLC,MAX,5,01_Historical_Baseline,0.0,HIGH
IAH|SLC|MAX|6,IAH,SLC,MAX,6,07_Same_Week_Last_Year,0.0,HIGH
IAH|SLC|MAX|7,IAH,SLC,MAX,7,07_Same_Week_Last_Year,0.0,HIGH
LAX|ATL|EXP|3,LAX,ATL,EXP,3,01_Historical_Baseline,0.0,HIGH
LAX|ATL|EXP|4,LAX,ATL,EXP,4,01_Historical_Baseline,0.0,HIGH
LAX|ATL|EXP|5,LAX,ATL,EXP,5,01_Historical_Baseline,0.0,HIGH
LAX|ATL|MAX|3,LAX,ATL,MAX,3,02_Recent_2W,8.19672131147541,HIGH
LAX|ATL|MAX|4,LAX,ATL,MAX,4,16_ML_Regressor,1.6519846963630018,HIGH
LAX|ATL|MAX|5,LAX,ATL,MAX,5,01_Historical_Baseline,0.0,HIGH
LAX|ATL|MAX|6,LAX,ATL,MAX,6,01_Historical_Baseline,999.0,LOW
LAX|ATL|MAX|7,LAX,ATL,MAX,7,01_Historical_Baseline,999.0,LOW
LAX|BOS|EXP|3,LAX,BOS,EXP,3,01_Historical_Baseline,0.0,HIGH
LAX|BOS|EXP|4,LAX,BOS,EXP,4,01_Historical_Baseline,0.0,HIGH
LAX|BOS|EXP|5,LAX,BOS,EXP,5,01_Historical_Baseline,0.0,HIGH
LAX|BOS|EXP|6,LAX,BOS,EXP,6,01_Historical_Baseline,0.0,HIGH
LAX|BOS|MAX|3,LAX,BOS,MAX,3,02_Recent_2W,0.0,HIGH
LAX|BOS|MAX|4,LAX,BOS,MAX,4,05_Trend_Adjusted,8.401084010840105,HIGH
LAX|BOS|MAX|5,LAX,BOS,MAX,5,01_Historical_Baseline,0.0,HIGH
LAX|BOS|MAX|6,LAX,BOS,MAX,6,01_Historical_Baseline,999.0,LOW
LAX|BOS|MAX|7,LAX,BOS,MAX,7,01_Historical_Baseline,999.0,LOW
LAX|CAK|EXP|3,LAX,CAK,EXP,3,01_Historical_Baseline,0.0,HIGH
LAX|CAK|EXP|4,LAX,CAK,EXP,4,01_Historical_Baseline,0.0,HIGH
LAX|CAK|EXP|5,LAX,CAK,EXP,5,01_Historical_Baseline,0.0,HIGH
LAX|CAK|MAX|3,LAX,CAK,MAX,3,01_Historical_Baseline,0.0,HIGH
LAX|CAK|MAX|6,LAX,CAK,MAX,6,01_Historical_Baseline,999.0,LOW
LAX|CAK|MAX|7,LAX,CAK,MAX,7,01_Historical_Baseline,999.0,LOW
LAX|CLT|EXP|3,LAX,CLT,EXP,3,01_Historical_Baseline,0.0,HIGH
LAX|CLT|EXP|4,LAX,CLT,EXP,4,01_Historical_Baseline,0.0,HIGH
LAX|CLT|EXP|5,LAX,CLT,EXP,5,01_Historical_Baseline,0.0,HIGH
LAX|CLT|EXP|6,LAX,CLT,EXP,6,01_Historical_Baseline,0.0,HIGH
LAX|CLT|MAX|3,LAX,CLT,MAX,3,09_Exp_Smoothing,0.4225352112676216,HIGH
LAX|CLT|MAX|4,LAX,CLT,MAX,4,05_Trend_Adjusted,8.116883116883116,HIGH
LAX|CLT|MAX|5,LAX,CLT,MAX,5,01_Historical_Baseline,0.0,HIGH
LAX|CLT|MAX|6,LAX,CLT,MAX,6,01_Historical_Baseline,0.0,HIGH
LAX|CLT|MAX|7,LAX,CLT,MAX,7,01_Historical_Baseline,0.0,HIGH
LAX|CVG|EXP|3,LAX,CVG,EXP,3,01_Historical_Baseline,0.0,HIGH
LAX|CVG|EXP|4,LAX,CVG,EXP,4,01_Historical_Baseline,0.0,HIGH
LAX|CVG|MAX|3,LAX,CVG,MAX,3,01_Historical_Baseline,0.0,HIGH
LAX|CVG|MAX|4,LAX,CVG,MAX,4,01_Historical_Baseline,0.0,HIGH
LAX|CVG|MAX|5,LAX,CVG,MAX,5,01_Historical_Baseline,0.0,HIGH
LAX|CVG|MAX|6,LAX,CVG,MAX,6,01_Historical_Baseline,999.0,LOW
LAX|CVG|MAX|7,LAX,CVG,MAX,7,01_Historical_Baseline,999.0,LOW
LAX|DEN|MAX|2,LAX,DEN,MAX,2,08_Week_Specific,3.125,HIGH
LAX|DEN|MAX|3,LAX,DEN,MAX,3,07_Same_Week_Last_Year,4.878048780487805,HIGH
LAX|DEN|MAX|4,LAX,DEN,MAX,4,07_Same_Week_Last_Year,2.1739130434782608,HIGH
LAX|DEN|MAX|5,LAX,DEN,MAX,5,01_Historical_Baseline,999.0,LOW
LAX|DEN|MAX|6,LAX,DEN,MAX,6,01_Historical_Baseline,999.0,LOW
LAX|DFW|MAX|3,LAX,DFW,MAX,3,07_Same_Week_Last_Year,0.0,HIGH
LAX|DFW|MAX|4,LAX,DFW,MAX,4,13_Weighted_Recent_Week,1.7857142857142856,HIGH
LAX|DFW|MAX|5,LAX,DFW,MAX,5,01_Historical_Baseline,999.0,LOW
LAX|DFW|MAX|6,LAX,DFW,MAX,6,01_Historical_Baseline,999.0,LOW
LAX|DFW|MAX|7,LAX,DFW,MAX,7,01_Historical_Baseline,0.0,HIGH
LAX|EWR|MAX|3,LAX,EWR,MAX,3,01_Historical_Baseline,0.0,HIGH
LAX|EWR|MAX|6,LAX,EWR,MAX,6,15_ML_Classifier_Simple_Vol,0.0,HIGH
LAX|EWR|MAX|7,LAX,EWR,MAX,7,15_ML_Classifier_Simple_Vol,0.0,HIGH
LAX|HNL|EXP|2,LAX,HNL,EXP,2,05_Trend_Adjusted,4.5265780730897,HIGH
LAX|HNL|EXP|3,LAX,HNL,EXP,3,08_Week_Specific,0.4566210045662035,HIGH
LAX|HNL|EXP|4,LAX,HNL,EXP,4,13_Weighted_Recent_Week,0.390625,HIGH
LAX|HNL|EXP|5,LAX,HNL,EXP,5,01_Historical_Baseline,0.0,HIGH
LAX|HNL|EXP|6,LAX,HNL,EXP,6,01_Historical_Baseline,0.0,HIGH
LAX|HNL|EXP|7,LAX,HNL,EXP,7,01_Historical_Baseline,0.0,HIGH
LAX|IAD|EXP|3,LAX,IAD,EXP,3,01_Historical_Baseline,0.0,HIGH
LAX|IAD|EXP|4,LAX,IAD,EXP,4,01_Historical_Baseline,0.0,HIGH
LAX|IAD|EXP|5,LAX,IAD,EXP,5,01_Historical_Baseline,0.0,HIGH
LAX|IAD|MAX|3,LAX,IAD,MAX,3,09_Exp_Smoothing,0.657894736842124,HIGH
LAX|IAD|MAX|4,LAX,IAD,MAX,4,16_ML_Regressor,0.4476902339984434,HIGH
LAX|IAD|MAX|5,LAX,IAD,MAX,5,01_Historical_Baseline,0.0,HIGH
LAX|IAD|MAX|6,LAX,IAD,MAX,6,01_Historical_Baseline,999.0,LOW
LAX|IAD|MAX|7,LAX,IAD,MAX,7,01_Historical_Baseline,999.0,LOW
LAX|IAH|MAX|2,LAX,IAH,MAX,2,06_Prior_Week,7.017543859649128,HIGH
LAX|IAH|MAX|3,LAX,IAH,MAX,3,08_Week_Specific,8.536585365853659,HIGH
LAX|IAH|MAX|4,LAX,IAH,MAX,4,09_Exp_Smoothing,1.0227272727272791,HIGH
LAX|IAH|MAX|5,LAX,IAH,MAX,5,01_Historical_Baseline,999.0,LOW
LAX|IAH|MAX|6,LAX,IAH,MAX,6,01_Historical_Baseline,999.0,LOW
LAX|MCI|MAX|3,LAX,MCI,MAX,3,07_Same_Week_Last_Year,1.9230769230769231,HIGH
LAX|MCI|MAX|4,LAX,MCI,MAX,4,09_Exp_Smoothing,0.7142857142857345,HIGH
LAX|MCI|MAX|5,LAX,MCI,MAX,5,01_Historical_Baseline,0.0,HIGH
LAX|MCI|MAX|6,LAX,MCI,MAX,6,01_Historical_Baseline,0.0,HIGH
LAX|MCO|EXP|3,LAX,MCO,EXP,3,01_Historical_Baseline,0.0,HIGH
LAX|MCO|EXP|4,LAX,MCO,EXP,4,01_Historical_Baseline,0.0,HIGH
LAX|MCO|EXP|5,LAX,MCO,EXP,5,01_Historical_Baseline,0.0,HIGH
LAX|MCO|EXP|6,LAX,MCO,EXP,6,01_Historical_Baseline,0.0,HIGH
LAX|MCO|MAX|3,LAX,MCO,MAX,3,03_Recent_4W_HYBRID,3.608247422680412,HIGH
LAX|MCO|MAX|4,LAX,MCO,MAX,4,05_Trend_Adjusted,5.9132292827944966,HIGH
LAX|MCO|MAX|5,LAX,MCO,MAX,5,01_Historical_Baseline,0.0,HIGH
LAX|MCO|MAX|6,LAX,MCO,MAX,6,01_Historical_Baseline,999.0,LOW
LAX|MCO|MAX|7,LAX,MCO,MAX,7,01_Historical_Baseline,999.0,LOW
LAX|ORD|EXP|3,LAX,ORD,EXP,3,01_Historical_Baseline,0.0,HIGH
LAX|ORD|EXP|4,LAX,ORD,EXP,4,01_Historical_Baseline,0.0,HIGH
LAX|ORD|EXP|5,LAX,ORD,EXP,5,01_Historical_Baseline,0.0,HIGH
LAX|ORD|MAX|3,LAX,ORD,MAX,3,01_Historical_Baseline,0.0,HIGH
LAX|ORD|MAX|6,LAX,ORD,MAX,6,01_Historical_Baseline,999.0,LOW
LAX|ORD|MAX|7,LAX,ORD,MAX,7,01_Historical_Baseline,999.0,LOW
LAX|SEA|MAX|3,LAX,SEA,MAX,3,07_Same_Week_Last_Year,4.838709677419355,HIGH
LAX|SEA|MAX|4,LAX,SEA,MAX,4,03_Recent_4W_HYBRID,3.260869565217391,HIGH
LAX|SEA|MAX|5,LAX,SEA,MAX,5,01_Historical_Baseline,999.0,LOW
LAX|SEA|MAX|6,LAX,SEA,MAX,6,01_Historical_Baseline,999.0,LOW
MCI|ATL|MAX|6,MCI,ATL,MAX,6,01_Historical_Baseline,0.0,HIGH
MCI|BOS|MAX|3,MCI,BOS,MAX,3,03_Recent_4W_HYBRID,0.0,HIGH
MCI|BOS|MAX|4,MCI,BOS,MAX,4,04_Recent_8W,2.7777777777777777,HIGH
MCI|BOS|MAX|5,MCI,BOS,MAX,5,01_Historical_Baseline,0.0,HIGH
MCI|BOS|MAX|6,MCI,BOS,MAX,6,01_Historical_Baseline,0.0,HIGH
MCI|CAK|MAX|3,MCI,CAK,MAX,3,18_Clustering,4.151896490606166,HIGH
MCI|CAK|MAX|4,MCI,CAK,MAX,4,04_Recent_8W,3.571428571428571,HIGH
MCI|CAK|MAX|5,MCI,CAK,MAX,5,01_Historical_Baseline,0.0,HIGH
MCI|CAK|MAX|6,MCI,CAK,MAX,6,01_Historical_Baseline,0.0,HIGH
MCI|CLT|MAX|3,MCI,CLT,MAX,3,04_Recent_8W,2.083333333333333,HIGH
MCI|CLT|MAX|4,MCI,CLT,MAX,4,04_Recent_8W,8.928571428571429,HIGH
MCI|CLT|MAX|5,MCI,CLT,MAX,5,01_Historical_Baseline,0.0,HIGH
MCI|CLT|MAX|6,MCI,CLT,MAX,6,01_Historical_Baseline,0.0,HIGH
MCI|DEN|MAX|3,MCI,DEN,MAX,3,01_Historical_Baseline,0.0,HIGH
MCI|DEN|MAX|4,MCI,DEN,MAX,4,01_Historical_Baseline,0.0,HIGH
MCI|DEN|MAX|5,MCI,DEN,MAX,5,01_Historical_Baseline,0.0,HIGH
MCI|DEN|MAX|6,MCI,DEN,MAX,6,01_Historical_Baseline,0.0,HIGH
MCI|EWR|MAX|3,MCI,EWR,MAX,3,18_Clustering,21.510545905707193,MEDIUM
MCI|EWR|MAX|4,MCI,EWR,MAX,4,12_Median_Recent,0.0,HIGH
MCI|EWR|MAX|5,MCI,EWR,MAX,5,01_Historical_Baseline,0.0,HIGH
MCI|EWR|MAX|6,MCI,EWR,MAX,6,01_Historical_Baseline,0.0,HIGH
MCI|IAD|MAX|3,MCI,IAD,MAX,3,04_Recent_8W,0.0,HIGH
MCI|IAD|MAX|4,MCI,IAD,MAX,4,04_Recent_8W,10.0,HIGH
MCI|IAD|MAX|5,MCI,IAD,MAX,5,01_Historical_Baseline,0.0,HIGH
MCI|IAD|MAX|6,MCI,IAD,MAX,6,01_Historical_Baseline,0.0,HIGH
MCI|IAH|MAX|3,MCI,IAH,MAX,3,14_SARIMA,0.8097674582242457,HIGH
MCI|IAH|MAX|4,MCI,IAH,MAX,4,04_Recent_8W,9.375,HIGH
MCI|IAH|MAX|5,MCI,IAH,MAX,5,01_Historical_Baseline,0.0,HIGH
MCI|IAH|MAX|6,MCI,IAH,MAX,6,01_Historical_Baseline,0.0,HIGH
MCI|LAX|EXP|4,MCI,LAX,EXP,4,01_Historical_Baseline,0.0,HIGH
MCI|LAX|EXP|5,MCI,LAX,EXP,5,01_Historical_Baseline,0.0,HIGH
MCI|LAX|MAX|3,MCI,LAX,MAX,3,04_Recent_8W,75.0,LOW
MCI|LAX|MAX|4,MCI,LAX,MAX,4,07_Same_Week_Last_Year,0.0,HIGH
MCI|LAX|MAX|5,MCI,LAX,MAX,5,01_Historical_Baseline,0.0,HIGH
MCI|LAX|MAX|6,MCI,LAX,MAX,6,01_Historical_Baseline,0.0,HIGH
MCI|LAX|MAX|7,MCI,LAX,MAX,7,01_Historical_Baseline,0.0,HIGH
MCI|MCO|MAX|3,MCI,MCO,MAX,3,01_Historical_Baseline,100.0,LOW
MCI|MCO|MAX|4,MCI,MCO,MAX,4,04_Recent_8W,25.0,MEDIUM
MCI|MCO|MAX|5,MCI,MCO,MAX,5,01_Historical_Baseline,0.0,HIGH
MCI|MCO|MAX|6,MCI,MCO,MAX,6,01_Historical_Baseline,0.0,HIGH
MCI|PHX|MAX|3,MCI,PHX,MAX,3,02_Recent_2W,0.0,HIGH
MCI|PHX|MAX|4,MCI,PHX,MAX,4,12_Median_Recent,0.0,HIGH
MCI|PHX|MAX|5,MCI,PHX,MAX,5,01_Historical_Baseline,0.0,HIGH
MCI|PHX|MAX|6,MCI,PHX,MAX,6,01_Historical_Baseline,0.0,HIGH
MCI|PHX|MAX|7,MCI,PHX,MAX,7,01_Historical_Baseline,0.0,HIGH
MCI|SEA|EXP|3,MCI,SEA,EXP,3,18_Clustering,0.00465636058857,HIGH
MCI|SEA|EXP|4,MCI,SEA,EXP,4,05_Trend_Adjusted,18.0,HIGH
MCI|SEA|EXP|5,MCI,SEA,EXP,5,01_Historical_Baseline,999.0,LOW
MCI|SEA|EXP|6,MCI,SEA,EXP,6,01_Historical_Baseline,999.0,LOW
MCI|SEA|EXP|7,MCI,SEA,EXP,7,01_Historical_Baseline,999.0,LOW
MCI|SEA|MAX|7,MCI,SEA,MAX,7,01_Historical_Baseline,0.0,HIGH
MCI|SFO|EXP|3,MCI,SFO,EXP,3,01_Historical_Baseline,0.0,HIGH
MCI|SFO|MAX|3,MCI,SFO,MAX,3,03_Recent_4W_HYBRID,4.166666666666666,HIGH
MCI|SFO|MAX|4,MCI,SFO,MAX,4,04_Recent_8W,12.5,HIGH
MCI|SFO|MAX|5,MCI,SFO,MAX,5,01_Historical_Baseline,0.0,HIGH
MCI|SFO|MAX|6,MCI,SFO,MAX,6,01_Historical_Baseline,0.0,HIGH
MCI|SFO|MAX|7,MCI,SFO,MAX,7,01_Historical_Baseline,0.0,HIGH
MCI|SLC|EXP|3,MCI,SLC,EXP,3,08_Week_Specific,316.66666666666663,LOW
MCI|SLC|EXP|4,MCI,SLC,EXP,4,08_Week_Specific,100.0,LOW
MCI|SLC|EXP|5,MCI,SLC,EXP,5,08_Week_Specific,0.0,HIGH
MCI|SLC|EXP|6,MCI,SLC,EXP,6,08_Week_Specific,0.0,HIGH
MCI|SLC|EXP|7,MCI,SLC,EXP,7,01_Historical_Baseline,0.0,HIGH
MCI|SLC|MAX|3,MCI,SLC,MAX,3,01_Historical_Baseline,0.0,HIGH
MCO|BOS|MAX|3,MCO,BOS,MAX,3,01_Historical_Baseline,0.0,HIGH
MCO|BOS|MAX|4,MCO,BOS,MAX,4,04_Recent_8W,37.5,MEDIUM
MCO|BOS|MAX|5,MCO,BOS,MAX,5,01_Historical_Baseline,999.0,LOW
MCO|BOS|MAX|6,MCO,BOS,MAX,6,01_Historical_Baseline,999.0,LOW
MCO|CAK|MAX|3,MCO,CAK,MAX,3,14_SARIMA,4.212723756334391,HIGH
MCO|CAK|MAX|4,MCO,CAK,MAX,4,04_Recent_8W,43.75,MEDIUM
MCO|CAK|MAX|5,MCO,CAK,MAX,5,01_Historical_Baseline,999.0,LOW
MCO|CAK|MAX|6,MCO,CAK,MAX,6,01_Historical_Baseline,999.0,LOW
MCO|CLT|MAX|3,MCO,CLT,MAX,3,01_Historical_Baseline,0.0,HIGH
MCO|CLT|MAX|4,MCO,CLT,MAX,4,01_Historical_Baseline,0.0,HIGH
MCO|CLT|MAX|5,MCO,CLT,MAX,5,01_Historical_Baseline,0.0,HIGH
MCO|CLT|MAX|6,MCO,CLT,MAX,6,01_Historical_Baseline,0.0,HIGH
MCO|DEN|EXP|3,MCO,DEN,EXP,3,14_SARIMA,25.847858839897096,MEDIUM
MCO|DEN|EXP|4,MCO,DEN,EXP,4,02_Recent_2W,0.0,HIGH
MCO|DEN|EXP|5,MCO,DEN,EXP,5,01_Historical_Baseline,999.0,LOW
MCO|DEN|MAX|3,MCO,DEN,MAX,3,07_Same_Week_Last_Year,0.0,HIGH
MCO|DEN|MAX|4,MCO,DEN,MAX,4,07_Same_Week_Last_Year,0.0,HIGH
MCO|DEN|MAX|6,MCO,DEN,MAX,6,01_Historical_Baseline,999.0,LOW
MCO|DEN|MAX|7,MCO,DEN,MAX,7,01_Historical_Baseline,999.0,LOW
MCO|DFW|MAX|3,MCO,DFW,MAX,3,12_Median_Recent,0.0,HIGH
MCO|DFW|MAX|4,MCO,DFW,MAX,4,07_Same_Week_Last_Year,0.0,HIGH
MCO|DFW|MAX|5,MCO,DFW,MAX,5,01_Historical_Baseline,999.0,LOW
MCO|DFW|MAX|6,MCO,DFW,MAX,6,01_Historical_Baseline,999.0,LOW
MCO|EWR|MAX|3,MCO,EWR,MAX,3,08_Week_Specific,3.125,HIGH
MCO|EWR|MAX|4,MCO,EWR,MAX,4,14_SARIMA,10.11903428015411,HIGH
MCO|EWR|MAX|5,MCO,EWR,MAX,5,01_Historical_Baseline,999.0,LOW
MCO|EWR|MAX|6,MCO,EWR,MAX,6,01_Historical_Baseline,999.0,LOW
MCO|IAD|MAX|3,MCO,IAD,MAX,3,01_Historical_Baseline,0.0,HIGH
MCO|IAD|MAX|4,MCO,IAD,MAX,4,04_Recent_8W,56.25,LOW
MCO|IAD|MAX|5,MCO,IAD,MAX,5,01_Historical_Baseline,999.0,LOW
MCO|IAD|MAX|6,MCO,IAD,MAX,6,01_Historical_Baseline,999.0,LOW
MCO|IAH|MAX|3,MCO,IAH,MAX,3,04_Recent_8W,3.125,HIGH
MCO|IAH|MAX|4,MCO,IAH,MAX,4,04_Recent_8W,31.25,MEDIUM
MCO|IAH|MAX|5,MCO,IAH,MAX,5,01_Historical_Baseline,999.0,LOW
MCO|IAH|MAX|6,MCO,IAH,MAX,6,01_Historical_Baseline,999.0,LOW
MCO|LAX|MAX|3,MCO,LAX,MAX,3,04_Recent_8W,10.0,HIGH
MCO|LAX|MAX|4,MCO,LAX,MAX,4,04_Recent_8W,41.66666666666667,MEDIUM
MCO|LAX|MAX|5,MCO,LAX,MAX,5,01_Historical_Baseline,999.0,LOW
MCO|LAX|MAX|6,MCO,LAX,MAX,6,01_Historical_Baseline,999.0,LOW
MCO|LAX|MAX|7,MCO,LAX,MAX,7,01_Historical_Baseline,999.0,LOW
MCO|MCI|MAX|3,MCO,MCI,MAX,3,04_Recent_8W,12.5,HIGH
MCO|MCI|MAX|4,MCO,MCI,MAX,4,04_Recent_8W,0.0,HIGH
MCO|MCI|MAX|5,MCO,MCI,MAX,5,01_Historical_Baseline,0.0,HIGH
MCO|MCI|MAX|6,MCO,MCI,MAX,6,01_Historical_Baseline,0.0,HIGH
MCO|ORD|MAX|3,MCO,ORD,MAX,3,08_Week_Specific,3.571428571428571,HIGH
MCO|ORD|MAX|4,MCO,ORD,MAX,4,04_Recent_8W,12.5,HIGH
MCO|ORD|MAX|5,MCO,ORD,MAX,5,01_Historical_Baseline,999.0,LOW
MCO|ORD|MAX|6,MCO,ORD,MAX,6,01_Historical_Baseline,999.0,LOW
MCO|PHX|MAX|3,MCO,PHX,MAX,3,04_Recent_8W,25.0,MEDIUM
MCO|PHX|MAX|4,MCO,PHX,MAX,4,03_Recent_4W_HYBRID,0.0,HIGH
MCO|PHX|MAX|5,MCO,PHX,MAX,5,01_Historical_Baseline,999.0,LOW
MCO|PHX|MAX|6,MCO,PHX,MAX,6,01_Historical_Baseline,999.0,LOW
MCO|PHX|MAX|7,MCO,PHX,MAX,7,01_Historical_Baseline,999.0,LOW
MCO|SEA|EXP|3,MCO,SEA,EXP,3,18_Clustering,18.992969396195203,HIGH
MCO|SEA|EXP|4,MCO,SEA,EXP,4,01_Historical_Baseline,17.647058823529413,HIGH
MCO|SEA|EXP|5,MCO,SEA,EXP,5,01_Historical_Baseline,999.0,LOW
MCO|SEA|EXP|6,MCO,SEA,EXP,6,01_Historical_Baseline,999.0,LOW
MCO|SEA|EXP|7,MCO,SEA,EXP,7,01_Historical_Baseline,999.0,LOW
MCO|SEA|MAX|3,MCO,SEA,MAX,3,03_Recent_4W_HYBRID,0.0,HIGH
MCO|SEA|MAX|4,MCO,SEA,MAX,4,04_Recent_8W,6.25,HIGH
MCO|SEA|MAX|5,MCO,SEA,MAX,5,01_Historical_Baseline,999.0,LOW
MCO|SEA|MAX|6,MCO,SEA,MAX,6,01_Historical_Baseline,999.0,LOW
MCO|SEA|MAX|7,MCO,SEA,MAX,7,01_Historical_Baseline,999.0,LOW
MCO|SFO|EXP|3,MCO,SFO,EXP,3,04_Recent_8W,45.19230769230769,MEDIUM
MCO|SFO|EXP|4,MCO,SFO,EXP,4,04_Recent_8W,3.3333333333333335,HIGH
MCO|SFO|EXP|5,MCO,SFO,EXP,5,01_Historical_Baseline,999.0,LOW
MCO|SFO|EXP|6,MCO,SFO,EXP,6,01_Historical_Baseline,999.0,LOW
MCO|SFO|EXP|7,MCO,SFO,EXP,7,01_Historical_Baseline,999.0,LOW
MCO|SFO|MAX|3,MCO,SFO,MAX,3,07_Same_Week_Last_Year,0.0,HIGH
MCO|SFO|MAX|4,MCO,SFO,MAX,4,12_Median_Recent,0.0,HIGH
MCO|SFO|MAX|5,MCO,SFO,MAX,5,01_Historical_Baseline,999.0,LOW
MCO|SFO|MAX|6,MCO,SFO,MAX,6,01_Historical_Baseline,999.0,LOW
MCO|SFO|MAX|7,MCO,SFO,MAX,7,01_Historical_Baseline,999.0,LOW
MCO|SLC|EXP|3,MCO,SLC,EXP,3,14_SARIMA,7.460336282267892,HIGH
MCO|SLC|EXP|4,MCO,SLC,EXP,4,04_Recent_8W,18.75,HIGH
MCO|SLC|EXP|5,MCO,SLC,EXP,5,01_Historical_Baseline,999.0,LOW
MCO|SLC|MAX|3,MCO,SLC,MAX,3,11_Hybrid_Week_Blend,1.2500000000000069,HIGH
MCO|SLC|MAX|4,MCO,SLC,MAX,4,07_Same_Week_Last_Year,0.0,HIGH
MCO|SLC|MAX|5,MCO,SLC,MAX,5,01_Historical_Baseline,999.0,LOW
MCO|SLC|MAX|6,MCO,SLC,MAX,6,01_Historical_Baseline,999.0,LOW
MCO|SLC|MAX|7,MCO,SLC,MAX,7,01_Historical_Baseline,999.0,LOW
ORD|BOS|MAX|2,ORD,BOS,MAX,2,04_Recent_8W,6.25,HIGH
ORD|BOS|MAX|3,ORD,BOS,MAX,3,05_Trend_Adjusted,3.712121212121211,HIGH
ORD|BOS|MAX|4,ORD,BOS,MAX,4,09_Exp_Smoothing,2.857142857142847,HIGH
ORD|BOS|MAX|5,ORD,BOS,MAX,5,01_Historical_Baseline,999.0,LOW
ORD|BOS|MAX|6,ORD,BOS,MAX,6,01_Historical_Baseline,999.0,LOW
ORD|CLT|MAX|2,ORD,CLT,MAX,2,02_Recent_2W,0.0,HIGH
ORD|CLT|MAX|3,ORD,CLT,MAX,3,02_Recent_2W,0.0,HIGH
ORD|CLT|MAX|4,ORD,CLT,MAX,4,02_Recent_2W,0.0,HIGH
ORD|CLT|MAX|5,ORD,CLT,MAX,5,01_Historical_Baseline,0.0,HIGH
ORD|CLT|MAX|6,ORD,CLT,MAX,6,01_Historical_Baseline,0.0,HIGH
ORD|CLT|MAX|7,ORD,CLT,MAX,7,01_Historical_Baseline,0.0,HIGH
ORD|DEN|MAX|2,ORD,DEN,MAX,2,13_Weighted_Recent_Week,4.166666666666666,HIGH
ORD|DEN|MAX|3,ORD,DEN,MAX,3,05_Trend_Adjusted,15.625,HIGH
ORD|DEN|MAX|4,ORD,DEN,MAX,4,02_Recent_2W,0.0,HIGH
ORD|DEN|MAX|5,ORD,DEN,MAX,5,01_Historical_Baseline,999.0,LOW
ORD|DEN|MAX|6,ORD,DEN,MAX,6,01_Historical_Baseline,999.0,LOW
ORD|DEN|MAX|7,ORD,DEN,MAX,7,02_Recent_2W,0.0,HIGH
ORD|DFW|MAX|2,ORD,DFW,MAX,2,02_Recent_2W,0.0,HIGH
ORD|DFW|MAX|3,ORD,DFW,MAX,3,02_Recent_2W,0.0,HIGH
ORD|DFW|MAX|4,ORD,DFW,MAX,4,02_Recent_2W,0.0,HIGH
ORD|DFW|MAX|5,ORD,DFW,MAX,5,02_Recent_2W,0.0,HIGH
ORD|DFW|MAX|6,ORD,DFW,MAX,6,02_Recent_2W,0.0,HIGH
ORD|IAD|MAX|2,ORD,IAD,MAX,2,02_Recent_2W,0.0,HIGH
ORD|IAD|MAX|3,ORD,IAD,MAX,3,02_Recent_2W,0.0,HIGH
ORD|IAD|MAX|4,ORD,IAD,MAX,4,01_Historical_Baseline,999.0,LOW
ORD|IAD|MAX|5,ORD,IAD,MAX,5,02_Recent_2W,0.0,HIGH
ORD|IAD|MAX|6,ORD,IAD,MAX,6,02_Recent_2W,0.0,HIGH
ORD|IAH|MAX|2,ORD,IAH,MAX,2,04_Recent_8W,18.181818181818183,HIGH
ORD|IAH|MAX|3,ORD,IAH,MAX,3,12_Median_Recent,0.0,HIGH
ORD|IAH|MAX|4,ORD,IAH,MAX,4,18_Clustering,27.093672456575685,MEDIUM
ORD|IAH|MAX|5,ORD,IAH,MAX,5,01_Historical_Baseline,999.0,LOW
ORD|IAH|MAX|6,ORD,IAH,MAX,6,01_Historical_Baseline,999.0,LOW
ORD|LAX|EXP|2,ORD,LAX,EXP,2,02_Recent_2W,0.0,HIGH
ORD|LAX|EXP|3,ORD,LAX,EXP,3,01_Historical_Baseline,999.0,LOW
ORD|LAX|EXP|4,ORD,LAX,EXP,4,01_Historical_Baseline,999.0,LOW
ORD|LAX|EXP|5,ORD,LAX,EXP,5,15_ML_Classifier_Simple_Vol,0.0,HIGH
ORD|LAX|MAX|2,ORD,LAX,MAX,2,07_Same_Week_Last_Year,25.0,MEDIUM
ORD|LAX|MAX|3,ORD,LAX,MAX,3,13_Weighted_Recent_Week,1.6666666666666785,HIGH
ORD|LAX|MAX|4,ORD,LAX,MAX,4,02_Recent_2W,8.333333333333332,HIGH
ORD|LAX|MAX|5,ORD,LAX,MAX,5,01_Historical_Baseline,0.0,HIGH
ORD|LAX|MAX|6,ORD,LAX,MAX,6,01_Historical_Baseline,999.0,LOW
ORD|LAX|MAX|7,ORD,LAX,MAX,7,02_Recent_2W,0.0,HIGH
ORD|MCO|MAX|2,ORD,MCO,MAX,2,08_Week_Specific,12.5,HIGH
ORD|MCO|MAX|3,ORD,MCO,MAX,3,12_Median_Recent,0.0,HIGH
ORD|MCO|MAX|4,ORD,MCO,MAX,4,04_Recent_8W,14.583333333333334,HIGH
ORD|MCO|MAX|5,ORD,MCO,MAX,5,01_Historical_Baseline,999.0,LOW
ORD|MCO|MAX|6,ORD,MCO,MAX,6,01_Historical_Baseline,999.0,LOW
ORD|PHX|MAX|2,ORD,PHX,MAX,2,08_Week_Specific,6.666666666666661,HIGH
ORD|PHX|MAX|3,ORD,PHX,MAX,3,02_Recent_2W,0.0,HIGH
ORD|PHX|MAX|4,ORD,PHX,MAX,4,13_Weighted_Recent_Week,7.5,HIGH
ORD|PHX|MAX|5,ORD,PHX,MAX,5,01_Historical_Baseline,999.0,LOW
ORD|PHX|MAX|6,ORD,PHX,MAX,6,01_Historical_Baseline,999.0,LOW
ORD|PHX|MAX|7,ORD,PHX,MAX,7,01_Historical_Baseline,999.0,LOW
ORD|SEA|EXP|2,ORD,SEA,EXP,2,01_Historical_Baseline,50.0,LOW
ORD|SEA|EXP|3,ORD,SEA,EXP,3,08_Week_Specific,17.777777777777786,HIGH
ORD|SEA|EXP|4,ORD,SEA,EXP,4,08_Week_Specific,0.0,HIGH
ORD|SEA|EXP|5,ORD,SEA,EXP,5,08_Week_Specific,0.0,HIGH
ORD|SEA|EXP|6,ORD,SEA,EXP,6,01_Historical_Baseline,999.0,LOW
ORD|SEA|EXP|7,ORD,SEA,EXP,7,01_Historical_Baseline,0.0,HIGH
ORD|SEA|MAX|2,ORD,SEA,MAX,2,13_Weighted_Recent_Week,4.6875,HIGH
ORD|SEA|MAX|3,ORD,SEA,MAX,3,04_Recent_8W,43.75,MEDIUM
ORD|SEA|MAX|4,ORD,SEA,MAX,4,12_Median_Recent,0.0,HIGH
ORD|SEA|MAX|5,ORD,SEA,MAX,5,07_Same_Week_Last_Year,0.0,HIGH
ORD|SEA|MAX|6,ORD,SEA,MAX,6,07_Same_Week_Last_Year,0.0,HIGH
ORD|SEA|MAX|7,ORD,SEA,MAX,7,01_Historical_Baseline,999.0,LOW
ORD|SFO|EXP|2,ORD,SFO,EXP,2,01_Historical_Baseline,35.8974358974359,MEDIUM
ORD|SFO|EXP|3,ORD,SFO,EXP,3,14_SARIMA,5.96777424216174,HIGH
ORD|SFO|EXP|4,ORD,SFO,EXP,4,01_Historical_Baseline,0.0,HIGH
ORD|SFO|EXP|5,ORD,SFO,EXP,5,01_Historical_Baseline,0.0,HIGH
ORD|SFO|EXP|6,ORD,SFO,EXP,6,01_Historical_Baseline,999.0,LOW
ORD|SFO|EXP|7,ORD,SFO,EXP,7,02_Recent_2W,0.0,HIGH
ORD|SFO|MAX|2,ORD,SFO,MAX,2,10_Probabilistic,5.416666666666661,HIGH
ORD|SFO|MAX|3,ORD,SFO,MAX,3,02_Recent_2W,0.0,HIGH
ORD|SFO|MAX|4,ORD,SFO,MAX,4,02_Recent_2W,0.0,HIGH
ORD|SFO|MAX|5,ORD,SFO,MAX,5,01_Historical_Baseline,999.0,LOW
ORD|SFO|MAX|6,ORD,SFO,MAX,6,01_Historical_Baseline,999.0,LOW
ORD|SFO|MAX|7,ORD,SFO,MAX,7,01_Historical_Baseline,999.0,LOW
ORD|SLC|EXP|2,ORD,SLC,EXP,2,18_Clustering,64.58592132505177,LOW
ORD|SLC|EXP|3,ORD,SLC,EXP,3,11_Hybrid_Week_Blend,2.7419354838709724,HIGH
ORD|SLC|EXP|4,ORD,SLC,EXP,4,13_Weighted_Recent_Week,0.4807692307692308,HIGH
ORD|SLC|EXP|5,ORD,SLC,EXP,5,01_Historical_Baseline,999.0,LOW
ORD|SLC|MAX|2,ORD,SLC,MAX,2,04_Recent_8W,4.166666666666666,HIGH
ORD|SLC|MAX|3,ORD,SLC,MAX,3,03_Recent_4W_HYBRID,0.0,HIGH
ORD|SLC|MAX|4,ORD,SLC,MAX,4,02_Recent_2W,0.0,HIGH
ORD|SLC|MAX|5,ORD,SLC,MAX,5,01_Historical_Baseline,999.0,LOW
ORD|SLC|MAX|6,ORD,SLC,MAX,6,01_Historical_Baseline,999.0,LOW
ORD|SLC|MAX|7,ORD,SLC,MAX,7,01_Historical_Baseline,999.0,LOW
PHX|ATL|MAX|2,PHX,ATL,MAX,2,05_Trend_Adjusted,10.0,HIGH
PHX|ATL|MAX|3,PHX,ATL,MAX,3,12_Median_Recent,0.0,HIGH
PHX|ATL|MAX|4,PHX,ATL,MAX,4,09_Exp_Smoothing,5.000000000000004,HIGH
PHX|ATL|MAX|5,PHX,ATL,MAX,5,01_Historical_Baseline,999.0,LOW
PHX|ATL|MAX|6,PHX,ATL,MAX,6,01_Historical_Baseline,999.0,LOW
PHX|ATL|MAX|7,PHX,ATL,MAX,7,01_Historical_Baseline,0.0,HIGH
PHX|BOS|EXP|3,PHX,BOS,EXP,3,09_Exp_Smoothing,15.55555555555556,HIGH
PHX|BOS|EXP|4,PHX,BOS,EXP,4,08_Week_Specific,1.4492753623188357,HIGH
PHX|BOS|EXP|5,PHX,BOS,EXP,5,01_Historical_Baseline,999.0,LOW
PHX|BOS|EXP|6,PHX,BOS,EXP,6,01_Historical_Baseline,999.0,LOW
PHX|BOS|MAX|2,PHX,BOS,MAX,2,04_Recent_8W,0.0,HIGH
PHX|BOS|MAX|3,PHX,BOS,MAX,3,02_Recent_2W,16.666666666666664,HIGH
PHX|BOS|MAX|4,PHX,BOS,MAX,4,18_Clustering,45.81265508684863,MEDIUM
PHX|BOS|MAX|5,PHX,BOS,MAX,5,01_Historical_Baseline,999.0,LOW
PHX|BOS|MAX|6,PHX,BOS,MAX,6,01_Historical_Baseline,999.0,LOW
PHX|BOS|MAX|7,PHX,BOS,MAX,7,01_Historical_Baseline,999.0,LOW
PHX|CAK|EXP|3,PHX,CAK,EXP,3,03_Recent_4W_HYBRID,0.0,HIGH
PHX|CAK|EXP|4,PHX,CAK,EXP,4,01_Historical_Baseline,5.0,HIGH
PHX|CAK|EXP|5,PHX,CAK,EXP,5,01_Historical_Baseline,999.0,LOW
PHX|CAK|MAX|2,PHX,CAK,MAX,2,04_Recent_8W,4.166666666666666,HIGH
PHX|CAK|MAX|3,PHX,CAK,MAX,3,04_Recent_8W,87.5,LOW
PHX|CAK|MAX|4,PHX,CAK,MAX,4,02_Recent_2W,0.0,HIGH
PHX|CAK|MAX|5,PHX,CAK,MAX,5,01_Historical_Baseline,999.0,LOW
PHX|CAK|MAX|6,PHX,CAK,MAX,6,01_Historical_Baseline,999.0,LOW
PHX|CAK|MAX|7,PHX,CAK,MAX,7,01_Historical_Baseline,999.0,LOW
PHX|CLT|EXP|3,PHX,CLT,EXP,3,11_Hybrid_Week_Blend,2.2272727272727364,HIGH
PHX|CLT|EXP|4,PHX,CLT,EXP,4,09_Exp_Smoothing,1.904761904761898,HIGH
PHX|CLT|EXP|5,PHX,CLT,EXP,5,01_Historical_Baseline,999.0,LOW
PHX|CLT|EXP|6,PHX,CLT,EXP,6,06_Prior_Week,0.0,HIGH
PHX|CLT|EXP|7,PHX,CLT,EXP,7,08_Week_Specific,0.0,HIGH
PHX|CLT|MAX|2,PHX,CLT,MAX,2,16_ML_Regressor,5.87492741387297,HIGH
PHX|CLT|MAX|3,PHX,CLT,MAX,3,18_Clustering,21.510545905707193,MEDIUM
PHX|CLT|MAX|4,PHX,CLT,MAX,4,03_Recent_4W_HYBRID,4.166666666666666,HIGH
PHX|CLT|MAX|5,PHX,CLT,MAX,5,01_Historical_Baseline,0.0,HIGH
PHX|CLT|MAX|6,PHX,CLT,MAX,6,01_Historical_Baseline,0.0,HIGH
PHX|CLT|MAX|7,PHX,CLT,MAX,7,01_Historical_Baseline,0.0,HIGH
PHX|CVG|EXP|3,PHX,CVG,EXP,3,02_Recent_2W,0.0,HIGH
PHX|CVG|EXP|4,PHX,CVG,EXP,4,01_Historical_Baseline,0.0,HIGH
PHX|CVG|EXP|5,PHX,CVG,EXP,5,01_Historical_Baseline,0.0,HIGH
PHX|CVG|MAX|2,PHX,CVG,MAX,2,04_Recent_8W,45.0,MEDIUM
PHX|CVG|MAX|3,PHX,CVG,MAX,3,04_Recent_8W,12.5,HIGH
PHX|CVG|MAX|4,PHX,CVG,MAX,4,09_Exp_Smoothing,7.500000000000018,HIGH
PHX|CVG|MAX|5,PHX,CVG,MAX,5,01_Historical_Baseline,999.0,LOW
PHX|CVG|MAX|6,PHX,CVG,MAX,6,01_Historical_Baseline,999.0,LOW
PHX|DEN|MAX|2,PHX,DEN,MAX,2,18_Clustering,13.084179970972428,HIGH
PHX|DEN|MAX|3,PHX,DEN,MAX,3,09_Exp_Smoothing,7.499999999999996,HIGH
PHX|DEN|MAX|4,PHX,DEN,MAX,4,04_Recent_8W,15.27777777777778,HIGH
PHX|DEN|MAX|5,PHX,DEN,MAX,5,01_Historical_Baseline,999.0,LOW
PHX|DEN|MAX|6,PHX,DEN,MAX,6,01_Historical_Baseline,999.0,LOW
PHX|DEN|MAX|7,PHX,DEN,MAX,7,01_Historical_Baseline,999.0,LOW
PHX|DFW|MAX|2,PHX,DFW,MAX,2,09_Exp_Smoothing,28.000000000000007,MEDIUM
PHX|DFW|MAX|3,PHX,DFW,MAX,3,12_Median_Recent,16.666666666666664,HIGH
PHX|DFW|MAX|4,PHX,DFW,MAX,4,02_Recent_2W,20.0,MEDIUM
PHX|DFW|MAX|5,PHX,DFW,MAX,5,01_Historical_Baseline,999.0,LOW
PHX|DFW|MAX|6,PHX,DFW,MAX,6,01_Historical_Baseline,999.0,LOW
PHX|DFW|MAX|7,PHX,DFW,MAX,7,01_Historical_Baseline,0.0,HIGH
PHX|EWR|EXP|3,PHX,EWR,EXP,3,08_Week_Specific,5.263157894736842,HIGH
PHX|EWR|EXP|4,PHX,EWR,EXP,4,14_SARIMA,1.9178345268667043,HIGH
PHX|EWR|EXP|5,PHX,EWR,EXP,5,01_Historical_Baseline,999.0,LOW
PHX|EWR|MAX|2,PHX,EWR,MAX,2,04_Recent_8W,5.0,HIGH
PHX|EWR|MAX|3,PHX,EWR,MAX,3,04_Recent_8W,12.5,HIGH
PHX|EWR|MAX|4,PHX,EWR,MAX,4,02_Recent_2W,0.0,HIGH
PHX|EWR|MAX|5,PHX,EWR,MAX,5,01_Historical_Baseline,999.0,LOW
PHX|EWR|MAX|6,PHX,EWR,MAX,6,01_Historical_Baseline,999.0,LOW
PHX|EWR|MAX|7,PHX,EWR,MAX,7,01_Historical_Baseline,999.0,LOW
PHX|IAD|EXP|3,PHX,IAD,EXP,3,08_Week_Specific,18.421052631578945,HIGH
PHX|IAD|EXP|4,PHX,IAD,EXP,4,06_Prior_Week,4.166666666666666,HIGH
PHX|IAD|EXP|5,PHX,IAD,EXP,5,01_Historical_Baseline,999.0,LOW
PHX|IAD|MAX|2,PHX,IAD,MAX,2,04_Recent_8W,16.666666666666664,HIGH
PHX|IAD|MAX|3,PHX,IAD,MAX,3,04_Recent_8W,0.0,HIGH
PHX|IAD|MAX|4,PHX,IAD,MAX,4,14_SARIMA,26.339048069208772,MEDIUM
PHX|IAD|MAX|5,PHX,IAD,MAX,5,01_Historical_Baseline,999.0,LOW
PHX|IAD|MAX|6,PHX,IAD,MAX,6,01_Historical_Baseline,999.0,LOW
PHX|IAD|MAX|7,PHX,IAD,MAX,7,01_Historical_Baseline,999.0,LOW
PHX|IAH|MAX|2,PHX,IAH,MAX,2,12_Median_Recent,5.555555555555555,HIGH
PHX|IAH|MAX|3,PHX,IAH,MAX,3,18_Clustering,21.510545905707193,MEDIUM
PHX|IAH|MAX|4,PHX,IAH,MAX,4,09_Exp_Smoothing,1.4285714285714362,HIGH
PHX|IAH|MAX|5,PHX,IAH,MAX,5,01_Historical_Baseline,999.0,LOW
PHX|IAH|MAX|6,PHX,IAH,MAX,6,01_Historical_Baseline,999.0,LOW
PHX|MCI|MAX|2,PHX,MCI,MAX,2,09_Exp_Smoothing,1.2688263138573215e-14,HIGH
PHX|MCI|MAX|3,PHX,MCI,MAX,3,04_Recent_8W,2.083333333333333,HIGH
PHX|MCI|MAX|4,PHX,MCI,MAX,4,03_Recent_4W_HYBRID,4.166666666666666,HIGH
PHX|MCI|MAX|5,PHX,MCI,MAX,5,01_Historical_Baseline,0.0,HIGH
PHX|MCI|MAX|6,PHX,MCI,MAX,6,01_Historical_Baseline,0.0,HIGH
PHX|MCI|MAX|7,PHX,MCI,MAX,7,01_Historical_Baseline,0.0,HIGH
PHX|MCO|EXP|3,PHX,MCO,EXP,3,08_Week_Specific,8.653846153846153,HIGH
PHX|MCO|EXP|4,PHX,MCO,EXP,4,09_Exp_Smoothing,0.6896551724137907,HIGH
PHX|MCO|EXP|5,PHX,MCO,EXP,5,01_Historical_Baseline,999.0,LOW
PHX|MCO|EXP|6,PHX,MCO,EXP,6,01_Historical_Baseline,999.0,LOW
PHX|MCO|EXP|7,PHX,MCO,EXP,7,01_Historical_Baseline,999.0,LOW
PHX|MCO|MAX|2,PHX,MCO,MAX,2,04_Recent_8W,34.375,MEDIUM
PHX|MCO|MAX|3,PHX,MCO,MAX,3,04_Recent_8W,37.5,MEDIUM
PHX|MCO|MAX|4,PHX,MCO,MAX,4,02_Recent_2W,0.0,HIGH
PHX|MCO|MAX|5,PHX,MCO,MAX,5,01_Historical_Baseline,999.0,LOW
PHX|MCO|MAX|6,PHX,MCO,MAX,6,01_Historical_Baseline,999.0,LOW
PHX|MCO|MAX|7,PHX,MCO,MAX,7,01_Historical_Baseline,999.0,LOW
PHX|ORD|EXP|3,PHX,ORD,EXP,3,01_Historical_Baseline,999.0,LOW
PHX|ORD|EXP|4,PHX,ORD,EXP,4,04_Recent_8W,40.909090909090914,MEDIUM
PHX|ORD|EXP|5,PHX,ORD,EXP,5,01_Historical_Baseline,999.0,LOW
PHX|ORD|MAX|2,PHX,ORD,MAX,2,08_Week_Specific,0.0,HIGH
PHX|ORD|MAX|3,PHX,ORD,MAX,3,03_Recent_4W_HYBRID,3.75,HIGH
PHX|ORD|MAX|4,PHX,ORD,MAX,4,03_Recent_4W_HYBRID,5.0,HIGH
PHX|ORD|MAX|5,PHX,ORD,MAX,5,01_Historical_Baseline,999.0,LOW
PHX|ORD|MAX|6,PHX,ORD,MAX,6,01_Historical_Baseline,999.0,LOW
PHX|ORD|MAX|7,PHX,ORD,MAX,7,01_Historical_Baseline,999.0,LOW
PHX|SEA|EXP|3,PHX,SEA,EXP,3,01_Historical_Baseline,0.0,HIGH
PHX|SEA|EXP|4,PHX,SEA,EXP,4,01_Historical_Baseline,0.0,HIGH
PHX|SEA|EXP|5,PHX,SEA,EXP,5,01_Historical_Baseline,0.0,HIGH
PHX|SEA|MAX|2,PHX,SEA,MAX,2,11_Hybrid_Week_Blend,1.4682539682539697,HIGH
PHX|SEA|MAX|3,PHX,SEA,MAX,3,02_Recent_2W,27.27272727272727,MEDIUM
PHX|SEA|MAX|4,PHX,SEA,MAX,4,04_Recent_8W,6.25,HIGH
PHX|SEA|MAX|5,PHX,SEA,MAX,5,01_Historical_Baseline,999.0,LOW
PHX|SEA|MAX|6,PHX,SEA,MAX,6,01_Historical_Baseline,999.0,LOW
PHX|SEA|MAX|7,PHX,SEA,MAX,7,01_Historical_Baseline,999.0,LOW
PHX|SLC|MAX|2,PHX,SLC,MAX,2,05_Trend_Adjusted,6.111111111111107,HIGH
PHX|SLC|MAX|3,PHX,SLC,MAX,3,02_Recent_2W,16.666666666666664,HIGH
PHX|SLC|MAX|4,PHX,SLC,MAX,4,02_Recent_2W,12.5,HIGH
PHX|SLC|MAX|5,PHX,SLC,MAX,5,01_Historical_Baseline,999.0,LOW
PHX|SLC|MAX|6,PHX,SLC,MAX,6,01_Historical_Baseline,999.0,LOW
PHX|SLC|MAX|7,PHX,SLC,MAX,7,01_Historical_Baseline,999.0,LOW
RDU|DEN|EXP|4,RDU,DEN,EXP,4,01_Historical_Baseline,0.0,HIGH
RDU|LAX|EXP|4,RDU,LAX,EXP,4,01_Historical_Baseline,0.0,HIGH
RDU|SEA|EXP|4,RDU,SEA,EXP,4,01_Historical_Baseline,0.0,HIGH
RDU|SFO|EXP|4,RDU,SFO,EXP,4,01_Historical_Baseline,0.0,HIGH
RDU|SLC|EXP|4,RDU,SLC,EXP,4,01_Historical_Baseline,0.0,HIGH
SEA|ANC|EXP|2,SEA,ANC,EXP,2,02_Recent_2W,8.333333333333332,HIGH
SEA|ANC|EXP|3,SEA,ANC,EXP,3,08_Week_Specific,21.367521367521373,MEDIUM
SEA|ANC|EXP|4,SEA,ANC,EXP,4,05_Trend_Adjusted,15.409207161125307,HIGH
SEA|ANC|EXP|5,SEA,ANC,EXP,5,01_Historical_Baseline,0.0,HIGH
SEA|ANC|EXP|6,SEA,ANC,EXP,6,01_Historical_Baseline,0.0,HIGH
SEA|ANC|EXP|7,SEA,ANC,EXP,7,01_Historical_Baseline,0.0,HIGH
SEA|ATL|EXP|2,SEA,ATL,EXP,2,04_Recent_8W,0.0,HIGH
SEA|ATL|EXP|3,SEA,ATL,EXP,3,01_Historical_Baseline,999.0,LOW
SEA|ATL|EXP|4,SEA,ATL,EXP,4,01_Historical_Baseline,999.0,LOW
SEA|ATL|EXP|7,SEA,ATL,EXP,7,01_Historical_Baseline,999.0,LOW
SEA|ATL|MAX|2,SEA,ATL,MAX,2,18_Clustering,3.2910628019323576,HIGH
SEA|ATL|MAX|3,SEA,ATL,MAX,3,16_ML_Regressor,34.63880362968441,MEDIUM
SEA|ATL|MAX|4,SEA,ATL,MAX,4,18_Clustering,1.993710691823895,HIGH
SEA|ATL|MAX|5,SEA,ATL,MAX,5,01_Historical_Baseline,0.0,HIGH
SEA|ATL|MAX|6,SEA,ATL,MAX,6,01_Historical_Baseline,999.0,LOW
SEA|ATL|MAX|7,SEA,ATL,MAX,7,01_Historical_Baseline,999.0,LOW
SEA|BOS|EXP|2,SEA,BOS,EXP,2,04_Recent_8W,0.0,HIGH
SEA|BOS|EXP|3,SEA,BOS,EXP,3,01_Historical_Baseline,999.0,LOW
SEA|BOS|EXP|4,SEA,BOS,EXP,4,08_Week_Specific,0.0,HIGH
SEA|BOS|EXP|5,SEA,BOS,EXP,5,08_Week_Specific,0.0,HIGH
SEA|BOS|MAX|2,SEA,BOS,MAX,2,18_Clustering,3.2910628019323576,HIGH
SEA|BOS|MAX|3,SEA,BOS,MAX,3,16_ML_Regressor,12.764295588964394,HIGH
SEA|BOS|MAX|4,SEA,BOS,MAX,4,03_Recent_4W_HYBRID,1.5625,HIGH
SEA|BOS|MAX|5,SEA,BOS,MAX,5,01_Historical_Baseline,0.0,HIGH
SEA|BOS|MAX|6,SEA,BOS,MAX,6,01_Historical_Baseline,999.0,LOW
SEA|BOS|MAX|7,SEA,BOS,MAX,7,01_Historical_Baseline,999.0,LOW
SEA|CAK|EXP|2,SEA,CAK,EXP,2,04_Recent_8W,0.0,HIGH
SEA|CAK|EXP|3,SEA,CAK,EXP,3,01_Historical_Baseline,999.0,LOW
SEA|CAK|EXP|4,SEA,CAK,EXP,4,08_Week_Specific,0.0,HIGH
SEA|CAK|MAX|2,SEA,CAK,MAX,2,18_Clustering,12.681159420289845,HIGH
SEA|CAK|MAX|3,SEA,CAK,MAX,3,16_ML_Regressor,6.939821989922238,HIGH
SEA|CAK|MAX|4,SEA,CAK,MAX,4,02_Recent_2W,4.545454545454546,HIGH
SEA|CAK|MAX|5,SEA,CAK,MAX,5,01_Historical_Baseline,0.0,HIGH
SEA|CAK|MAX|6,SEA,CAK,MAX,6,01_Historical_Baseline,999.0,LOW
SEA|CAK|MAX|7,SEA,CAK,MAX,7,01_Historical_Baseline,999.0,LOW
SEA|CLT|EXP|2,SEA,CLT,EXP,2,04_Recent_8W,0.0,HIGH
SEA|CLT|EXP|3,SEA,CLT,EXP,3,01_Historical_Baseline,999.0,LOW
SEA|CLT|EXP|4,SEA,CLT,EXP,4,01_Historical_Baseline,999.0,LOW
SEA|CLT|MAX|2,SEA,CLT,MAX,2,18_Clustering,38.025362318840585,MEDIUM
SEA|CLT|MAX|3,SEA,CLT,MAX,3,16_ML_Regressor,17.964974455582727,HIGH
SEA|CLT|MAX|4,SEA,CLT,MAX,4,05_Trend_Adjusted,9.239130434782608,HIGH
SEA|CLT|MAX|5,SEA,CLT,MAX,5,01_Historical_Baseline,0.0,HIGH
SEA|CLT|MAX|6,SEA,CLT,MAX,6,01_Historical_Baseline,0.0,HIGH
SEA|CLT|MAX|7,SEA,CLT,MAX,7,01_Historical_Baseline,0.0,HIGH
SEA|CVG|EXP|2,SEA,CVG,EXP,2,04_Recent_8W,0.0,HIGH
SEA|CVG|EXP|3,SEA,CVG,EXP,3,01_Historical_Baseline,999.0,LOW
SEA|CVG|EXP|4,SEA,CVG,EXP,4,08_Week_Specific,0.0,HIGH
SEA|CVG|EXP|7,SEA,CVG,EXP,7,01_Historical_Baseline,999.0,LOW
SEA|CVG|MAX|2,SEA,CVG,MAX,2,18_Clustering,34.76353928299009,MEDIUM
SEA|CVG|MAX|3,SEA,CVG,MAX,3,16_ML_Regressor,5.927211478978224,HIGH
SEA|CVG|MAX|4,SEA,CVG,MAX,4,03_Recent_4W_HYBRID,3.75,HIGH
SEA|CVG|MAX|5,SEA,CVG,MAX,5,01_Historical_Baseline,0.0,HIGH
SEA|CVG|MAX|6,SEA,CVG,MAX,6,01_Historical_Baseline,999.0,LOW
SEA|CVG|MAX|7,SEA,CVG,MAX,7,01_Historical_Baseline,999.0,LOW
SEA|DEN|EXP|2,SEA,DEN,EXP,2,02_Recent_2W,0.0,HIGH
SEA|DEN|EXP|3,SEA,DEN,EXP,3,14_SARIMA,0.0,HIGH
SEA|DEN|EXP|4,SEA,DEN,EXP,4,01_Historical_Baseline,0.0,HIGH
SEA|DEN|MAX|2,SEA,DEN,MAX,2,16_ML_Regressor,12.421216194200037,HIGH
SEA|DEN|MAX|3,SEA,DEN,MAX,3,04_Recent_8W,137.5,LOW
SEA|DEN|MAX|4,SEA,DEN,MAX,4,02_Recent_2W,0.0,HIGH
SEA|DEN|MAX|5,SEA,DEN,MAX,5,01_Historical_Baseline,0.0,HIGH
SEA|DEN|MAX|6,SEA,DEN,MAX,6,01_Historical_Baseline,999.0,LOW
SEA|DEN|MAX|7,SEA,DEN,MAX,7,01_Historical_Baseline,999.0,LOW
SEA|DFW|EXP|2,SEA,DFW,EXP,2,04_Recent_8W,0.0,HIGH
SEA|DFW|EXP|3,SEA,DFW,EXP,3,01_Historical_Baseline,999.0,LOW
SEA|DFW|EXP|4,SEA,DFW,EXP,4,01_Historical_Baseline,999.0,LOW
SEA|DFW|MAX|2,SEA,DFW,MAX,2,16_ML_Regressor,18.880819436191913,HIGH
SEA|DFW|MAX|3,SEA,DFW,MAX,3,16_ML_Regressor,22.69580499129706,MEDIUM
SEA|DFW|MAX|4,SEA,DFW,MAX,4,12_Median_Recent,10.0,HIGH
SEA|DFW|MAX|5,SEA,DFW,MAX,5,01_Historical_Baseline,0.0,HIGH
SEA|DFW|MAX|6,SEA,DFW,MAX,6,01_Historical_Baseline,999.0,LOW
SEA|DFW|MAX|7,SEA,DFW,MAX,7,01_Historical_Baseline,999.0,LOW
SEA|EWR|EXP|2,SEA,EWR,EXP,2,01_Historical_Baseline,0.0,HIGH
SEA|EWR|EXP|3,SEA,EWR,EXP,3,08_Week_Specific,0.0,HIGH
SEA|EWR|EXP|4,SEA,EWR,EXP,4,01_Historical_Baseline,0.0,HIGH
SEA|EWR|EXP|5,SEA,EWR,EXP,5,01_Historical_Baseline,0.0,HIGH
SEA|EWR|MAX|2,SEA,EWR,MAX,2,18_Clustering,3.2910628019323576,HIGH
SEA|EWR|MAX|3,SEA,EWR,MAX,3,14_SARIMA,1.082918347138779,HIGH
SEA|EWR|MAX|4,SEA,EWR,MAX,4,06_Prior_Week,10.714285714285714,HIGH
SEA|EWR|MAX|5,SEA,EWR,MAX,5,01_Historical_Baseline,0.0,HIGH
SEA|EWR|MAX|6,SEA,EWR,MAX,6,01_Historical_Baseline,999.0,LOW
SEA|EWR|MAX|7,SEA,EWR,MAX,7,01_Historical_Baseline,999.0,LOW
SEA|IAD|EXP|2,SEA,IAD,EXP,2,04_Recent_8W,0.0,HIGH
SEA|IAD|EXP|3,SEA,IAD,EXP,3,01_Historical_Baseline,999.0,LOW
SEA|IAD|EXP|4,SEA,IAD,EXP,4,01_Historical_Baseline,999.0,LOW
SEA|IAD|MAX|2,SEA,IAD,MAX,2,16_ML_Regressor,32.30909407697041,MEDIUM
SEA|IAD|MAX|3,SEA,IAD,MAX,3,01_Historical_Baseline,18.181818181818183,HIGH
SEA|IAD|MAX|4,SEA,IAD,MAX,4,05_Trend_Adjusted,5.681818181818182,HIGH
SEA|IAD|MAX|5,SEA,IAD,MAX,5,01_Historical_Baseline,0.0,HIGH
SEA|IAD|MAX|6,SEA,IAD,MAX,6,01_Historical_Baseline,999.0,LOW
SEA|IAD|MAX|7,SEA,IAD,MAX,7,01_Historical_Baseline,999.0,LOW
SEA|IAH|EXP|2,SEA,IAH,EXP,2,04_Recent_8W,0.0,HIGH
SEA|IAH|EXP|3,SEA,IAH,EXP,3,01_Historical_Baseline,999.0,LOW
SEA|IAH|EXP|4,SEA,IAH,EXP,4,01_Historical_Baseline,999.0,LOW
SEA|IAH|MAX|2,SEA,IAH,MAX,2,16_ML_Regressor,1.0705016071820284,HIGH
SEA|IAH|MAX|3,SEA,IAH,MAX,3,18_Clustering,8.867090570719604,HIGH
SEA|IAH|MAX|4,SEA,IAH,MAX,4,05_Trend_Adjusted,1.7857142857142856,HIGH
SEA|IAH|MAX|5,SEA,IAH,MAX,5,01_Historical_Baseline,0.0,HIGH
SEA|IAH|MAX|6,SEA,IAH,MAX,6,01_Historical_Baseline,999.0,LOW
SEA|IAH|MAX|7,SEA,IAH,MAX,7,01_Historical_Baseline,999.0,LOW
SEA|LAX|MAX|2,SEA,LAX,MAX,2,18_Clustering,17.367149758454115,HIGH
SEA|LAX|MAX|3,SEA,LAX,MAX,3,04_Recent_8W,33.33333333333333,MEDIUM
SEA|LAX|MAX|4,SEA,LAX,MAX,4,02_Recent_2W,0.0,HIGH
SEA|LAX|MAX|5,SEA,LAX,MAX,5,01_Historical_Baseline,0.0,HIGH
SEA|LAX|MAX|6,SEA,LAX,MAX,6,01_Historical_Baseline,999.0,LOW
SEA|LAX|MAX|7,SEA,LAX,MAX,7,01_Historical_Baseline,0.0,HIGH
SEA|MCI|EXP|2,SEA,MCI,EXP,2,04_Recent_8W,0.0,HIGH
SEA|MCI|EXP|3,SEA,MCI,EXP,3,01_Historical_Baseline,999.0,LOW
SEA|MCI|EXP|4,SEA,MCI,EXP,4,01_Historical_Baseline,999.0,LOW
SEA|MCI|EXP|7,SEA,MCI,EXP,7,01_Historical_Baseline,999.0,LOW
SEA|MCI|MAX|2,SEA,MCI,MAX,2,18_Clustering,31.139291465378427,MEDIUM
SEA|MCI|MAX|3,SEA,MCI,MAX,3,16_ML_Regressor,17.22170212907764,HIGH
SEA|MCI|MAX|4,SEA,MCI,MAX,4,09_Exp_Smoothing,8.499999999999996,HIGH
SEA|MCI|MAX|5,SEA,MCI,MAX,5,01_Historical_Baseline,0.0,HIGH
SEA|MCI|MAX|6,SEA,MCI,MAX,6,01_Historical_Baseline,0.0,HIGH
SEA|MCI|MAX|7,SEA,MCI,MAX,7,01_Historical_Baseline,0.0,HIGH
SEA|MCO|EXP|2,SEA,MCO,EXP,2,04_Recent_8W,0.0,HIGH
SEA|MCO|EXP|3,SEA,MCO,EXP,3,01_Historical_Baseline,999.0,LOW
SEA|MCO|EXP|4,SEA,MCO,EXP,4,01_Historical_Baseline,999.0,LOW
SEA|MCO|EXP|7,SEA,MCO,EXP,7,01_Historical_Baseline,999.0,LOW
SEA|MCO|MAX|2,SEA,MCO,MAX,2,16_ML_Regressor,4.296089296324685,HIGH
SEA|MCO|MAX|3,SEA,MCO,MAX,3,18_Clustering,4.151896490606166,HIGH
SEA|MCO|MAX|4,SEA,MCO,MAX,4,06_Prior_Week,8.333333333333332,HIGH
SEA|MCO|MAX|5,SEA,MCO,MAX,5,01_Historical_Baseline,0.0,HIGH
SEA|MCO|MAX|6,SEA,MCO,MAX,6,01_Historical_Baseline,999.0,LOW
SEA|MCO|MAX|7,SEA,MCO,MAX,7,01_Historical_Baseline,999.0,LOW
SEA|ORD|EXP|2,SEA,ORD,EXP,2,04_Recent_8W,0.0,HIGH
SEA|ORD|EXP|3,SEA,ORD,EXP,3,01_Historical_Baseline,999.0,LOW
SEA|ORD|EXP|4,SEA,ORD,EXP,4,08_Week_Specific,0.0,HIGH
SEA|ORD|MAX|2,SEA,ORD,MAX,2,18_Clustering,52.32720178372353,LOW
SEA|ORD|MAX|3,SEA,ORD,MAX,3,18_Clustering,21.86872741870735,MEDIUM
SEA|ORD|MAX|4,SEA,ORD,MAX,4,09_Exp_Smoothing,3.7142857142857264,HIGH
SEA|ORD|MAX|5,SEA,ORD,MAX,5,01_Historical_Baseline,0.0,HIGH
SEA|ORD|MAX|6,SEA,ORD,MAX,6,01_Historical_Baseline,999.0,LOW
SEA|ORD|MAX|7,SEA,ORD,MAX,7,01_Historical_Baseline,999.0,LOW
SEA|PHX|EXP|2,SEA,PHX,EXP,2,04_Recent_8W,0.0,HIGH
SEA|PHX|EXP|3,SEA,PHX,EXP,3,14_SARIMA,0.0,HIGH
SEA|PHX|EXP|4,SEA,PHX,EXP,4,01_Historical_Baseline,999.0,LOW
SEA|PHX|MAX|2,SEA,PHX,MAX,2,18_Clustering,38.025362318840585,MEDIUM
SEA|PHX|MAX|3,SEA,PHX,MAX,3,09_Exp_Smoothing,7.77777777777777,HIGH
SEA|PHX|MAX|4,SEA,PHX,MAX,4,16_ML_Regressor,20.982096534243492,MEDIUM
SEA|PHX|MAX|5,SEA,PHX,MAX,5,01_Historical_Baseline,0.0,HIGH
SEA|PHX|MAX|6,SEA,PHX,MAX,6,01_Historical_Baseline,999.0,LOW
SEA|PHX|MAX|7,SEA,PHX,MAX,7,01_Historical_Baseline,999.0,LOW
SEA|SLC|EXP|2,SEA,SLC,EXP,2,02_Recent_2W,0.0,HIGH
SEA|SLC|EXP|3,SEA,SLC,EXP,3,02_Recent_2W,0.0,HIGH
SEA|SLC|EXP|4,SEA,SLC,EXP,4,01_Historical_Baseline,0.0,HIGH
SEA|SLC|EXP|5,SEA,SLC,EXP,5,01_Historical_Baseline,0.0,HIGH
SEA|SLC|EXP|6,SEA,SLC,EXP,6,01_Historical_Baseline,0.0,HIGH
SEA|SLC|MAX|2,SEA,SLC,MAX,2,01_Historical_Baseline,0.0,HIGH
SEA|SLC|MAX|3,SEA,SLC,MAX,3,01_Historical_Baseline,999.0,LOW
SEA|SLC|MAX|4,SEA,SLC,MAX,4,01_Historical_Baseline,999.0,LOW
SEA|SLC|MAX|5,SEA,SLC,MAX,5,01_Historical_Baseline,0.0,HIGH
SEA|SLC|MAX|6,SEA,SLC,MAX,6,01_Historical_Baseline,999.0,LOW
SEA|SLC|MAX|7,SEA,SLC,MAX,7,01_Historical_Baseline,999.0,LOW
SFO|ATL|EXP|3,SFO,ATL,EXP,3,03_Recent_4W_HYBRID,0.9259259259259258,HIGH
SFO|ATL|EXP|4,SFO,ATL,EXP,4,16_ML_Regressor,0.9518568579088996,HIGH
SFO|ATL|EXP|5,SFO,ATL,EXP,5,01_Historical_Baseline,999.0,LOW
SFO|ATL|EXP|6,SFO,ATL,EXP,6,01_Historical_Baseline,0.0,HIGH
SFO|ATL|MAX|3,SFO,ATL,MAX,3,18_Clustering,4.151896490606166,HIGH
SFO|ATL|MAX|4,SFO,ATL,MAX,4,14_SARIMA,17.305359424637214,HIGH
SFO|ATL|MAX|5,SFO,ATL,MAX,5,01_Historical_Baseline,999.0,LOW
SFO|ATL|MAX|6,SFO,ATL,MAX,6,14_SARIMA,0.0,HIGH
SFO|ATL|MAX|7,SFO,ATL,MAX,7,14_SARIMA,0.0,HIGH
SFO|BOS|EXP|3,SFO,BOS,EXP,3,14_SARIMA,0.0875086384453575,HIGH
SFO|BOS|EXP|4,SFO,BOS,EXP,4,03_Recent_4W_HYBRID,0.8620689655172413,HIGH
SFO|BOS|EXP|5,SFO,BOS,EXP,5,01_Historical_Baseline,999.0,LOW
SFO|BOS|EXP|6,SFO,BOS,EXP,6,01_Historical_Baseline,999.0,LOW
SFO|BOS|EXP|7,SFO,BOS,EXP,7,01_Historical_Baseline,999.0,LOW
SFO|BOS|MAX|3,SFO,BOS,MAX,3,18_Clustering,4.151896490606166,HIGH
SFO|BOS|MAX|4,SFO,BOS,MAX,4,07_Same_Week_Last_Year,0.0,HIGH
SFO|BOS|MAX|5,SFO,BOS,MAX,5,01_Historical_Baseline,999.0,LOW
SFO|BOS|MAX|6,SFO,BOS,MAX,6,14_SARIMA,0.0,HIGH
SFO|BOS|MAX|7,SFO,BOS,MAX,7,14_SARIMA,0.0,HIGH
SFO|CAK|EXP|3,SFO,CAK,EXP,3,14_SARIMA,10.436333877092324,HIGH
SFO|CAK|EXP|4,SFO,CAK,EXP,4,02_Recent_2W,0.0,HIGH
SFO|CAK|EXP|5,SFO,CAK,EXP,5,01_Historical_Baseline,999.0,LOW
SFO|CAK|EXP|6,SFO,CAK,EXP,6,01_Historical_Baseline,999.0,LOW
SFO|CAK|EXP|7,SFO,CAK,EXP,7,01_Historical_Baseline,999.0,LOW
SFO|CAK|MAX|3,SFO,CAK,MAX,3,13_Weighted_Recent_Week,1.3888888888888888,HIGH
SFO|CAK|MAX|4,SFO,CAK,MAX,4,01_Historical_Baseline,0.0,HIGH
SFO|CAK|MAX|5,SFO,CAK,MAX,5,01_Historical_Baseline,999.0,LOW
SFO|CAK|MAX|6,SFO,CAK,MAX,6,14_SARIMA,0.0,HIGH
SFO|CAK|MAX|7,SFO,CAK,MAX,7,14_SARIMA,0.0,HIGH
SFO|CLT|EXP|3,SFO,CLT,EXP,3,09_Exp_Smoothing,5.806451612903216,HIGH
SFO|CLT|EXP|4,SFO,CLT,EXP,4,09_Exp_Smoothing,1.666666666666646,HIGH
SFO|CLT|EXP|5,SFO,CLT,EXP,5,01_Historical_Baseline,999.0,LOW
SFO|CLT|EXP|6,SFO,CLT,EXP,6,08_Week_Specific,0.0,HIGH
SFO|CLT|EXP|7,SFO,CLT,EXP,7,08_Week_Specific,0.0,HIGH
SFO|CLT|MAX|3,SFO,CLT,MAX,3,18_Clustering,4.151896490606166,HIGH
SFO|CLT|MAX|4,SFO,CLT,MAX,4,01_Historical_Baseline,0.0,HIGH
SFO|CLT|MAX|5,SFO,CLT,MAX,5,01_Historical_Baseline,0.0,HIGH
SFO|CLT|MAX|6,SFO,CLT,MAX,6,01_Historical_Baseline,0.0,HIGH
SFO|CLT|MAX|7,SFO,CLT,MAX,7,01_Historical_Baseline,0.0,HIGH
SFO|CVG|EXP|3,SFO,CVG,EXP,3,18_Clustering,0.7521672616012307,HIGH
SFO|CVG|EXP|4,SFO,CVG,EXP,4,06_Prior_Week,1.9230769230769231,HIGH
SFO|CVG|EXP|5,SFO,CVG,EXP,5,01_Historical_Baseline,999.0,LOW
SFO|CVG|EXP|6,SFO,CVG,EXP,6,01_Historical_Baseline,0.0,HIGH
SFO|CVG|EXP|7,SFO,CVG,EXP,7,02_Recent_2W,0.0,HIGH
SFO|CVG|MAX|3,SFO,CVG,MAX,3,08_Week_Specific,8.333333333333332,HIGH
SFO|CVG|MAX|4,SFO,CVG,MAX,4,08_Week_Specific,8.333333333333337,HIGH
SFO|CVG|MAX|5,SFO,CVG,MAX,5,01_Historical_Baseline,999.0,LOW
SFO|CVG|MAX|6,SFO,CVG,MAX,6,14_SARIMA,0.0,HIGH
SFO|CVG|MAX|7,SFO,CVG,MAX,7,14_SARIMA,0.0,HIGH
SFO|DEN|EXP|3,SFO,DEN,EXP,3,08_Week_Specific,1.8518518518518516,HIGH
SFO|DEN|EXP|4,SFO,DEN,EXP,4,08_Week_Specific,0.0,HIGH
SFO|DEN|EXP|5,SFO,DEN,EXP,5,01_Historical_Baseline,999.0,LOW
SFO|DEN|MAX|3,SFO,DEN,MAX,3,01_Historical_Baseline,0.0,HIGH
SFO|DEN|MAX|4,SFO,DEN,MAX,4,08_Week_Specific,0.0,HIGH
SFO|DEN|MAX|5,SFO,DEN,MAX,5,01_Historical_Baseline,999.0,LOW
SFO|DEN|MAX|6,SFO,DEN,MAX,6,01_Historical_Baseline,999.0,LOW
SFO|DEN|MAX|7,SFO,DEN,MAX,7,01_Historical_Baseline,999.0,LOW
SFO|DFW|EXP|3,SFO,DFW,EXP,3,01_Historical_Baseline,0.0,HIGH
SFO|DFW|MAX|3,SFO,DFW,MAX,3,08_Week_Specific,0.0,HIGH
SFO|DFW|MAX|4,SFO,DFW,MAX,4,01_Historical_Baseline,25.0,MEDIUM
SFO|DFW|MAX|5,SFO,DFW,MAX,5,01_Historical_Baseline,999.0,LOW
SFO|DFW|MAX|6,SFO,DFW,MAX,6,01_Historical_Baseline,999.0,LOW
SFO|DFW|MAX|7,SFO,DFW,MAX,7,01_Historical_Baseline,0.0,HIGH
SFO|EWR|EXP|3,SFO,EWR,EXP,3,16_ML_Regressor,6.178337228129673,HIGH
SFO|EWR|EXP|4,SFO,EWR,EXP,4,03_Recent_4W_HYBRID,5.64516129032258,HIGH
SFO|EWR|EXP|5,SFO,EWR,EXP,5,01_Historical_Baseline,999.0,LOW
SFO|EWR|EXP|6,SFO,EWR,EXP,6,01_Historical_Baseline,999.0,LOW
SFO|EWR|EXP|7,SFO,EWR,EXP,7,01_Historical_Baseline,999.0,LOW
SFO|EWR|MAX|3,SFO,EWR,MAX,3,11_Hybrid_Week_Blend,2.34375,HIGH
SFO|EWR|MAX|4,SFO,EWR,MAX,4,08_Week_Specific,0.0,HIGH
SFO|EWR|MAX|5,SFO,EWR,MAX,5,01_Historical_Baseline,999.0,LOW
SFO|EWR|MAX|6,SFO,EWR,MAX,6,14_SARIMA,0.0,HIGH
SFO|EWR|MAX|7,SFO,EWR,MAX,7,01_Historical_Baseline,999.0,LOW
SFO|IAD|EXP|3,SFO,IAD,EXP,3,05_Trend_Adjusted,7.574626865671637,HIGH
SFO|IAD|EXP|4,SFO,IAD,EXP,4,14_SARIMA,2.517953638735032,HIGH
SFO|IAD|EXP|5,SFO,IAD,EXP,5,01_Historical_Baseline,999.0,LOW
SFO|IAD|EXP|6,SFO,IAD,EXP,6,01_Historical_Baseline,999.0,LOW
SFO|IAD|EXP|7,SFO,IAD,EXP,7,01_Historical_Baseline,999.0,LOW
SFO|IAD|MAX|3,SFO,IAD,MAX,3,14_SARIMA,0.5790799746984884,HIGH
SFO|IAD|MAX|4,SFO,IAD,MAX,4,08_Week_Specific,11.111111111111116,HIGH
SFO|IAD|MAX|5,SFO,IAD,MAX,5,01_Historical_Baseline,999.0,LOW
SFO|IAD|MAX|6,SFO,IAD,MAX,6,14_SARIMA,0.0,HIGH
SFO|IAD|MAX|7,SFO,IAD,MAX,7,01_Historical_Baseline,999.0,LOW
SFO|IAH|EXP|3,SFO,IAH,EXP,3,05_Trend_Adjusted,10.25,HIGH
SFO|IAH|EXP|4,SFO,IAH,EXP,4,09_Exp_Smoothing,1.6666666666666703,HIGH
SFO|IAH|EXP|5,SFO,IAH,EXP,5,01_Historical_Baseline,999.0,LOW
SFO|IAH|MAX|3,SFO,IAH,MAX,3,13_Weighted_Recent_Week,0.8333333333333334,HIGH
SFO|IAH|MAX|4,SFO,IAH,MAX,4,08_Week_Specific,11.111111111111116,HIGH
SFO|IAH|MAX|5,SFO,IAH,MAX,5,01_Historical_Baseline,999.0,LOW
SFO|IAH|MAX|6,SFO,IAH,MAX,6,01_Historical_Baseline,999.0,LOW
SFO|IAH|MAX|7,SFO,IAH,MAX,7,01_Historical_Baseline,999.0,LOW
SFO|MCI|EXP|3,SFO,MCI,EXP,3,03_Recent_4W_HYBRID,3.125,HIGH
SFO|MCI|EXP|4,SFO,MCI,EXP,4,03_Recent_4W_HYBRID,0.8620689655172413,HIGH
SFO|MCI|EXP|5,SFO,MCI,EXP,5,01_Historical_Baseline,999.0,LOW
SFO|MCI|EXP|7,SFO,MCI,EXP,7,01_Historical_Baseline,0.0,HIGH
SFO|MCI|MAX|3,SFO,MCI,MAX,3,04_Recent_8W,3.8461538461538463,HIGH
SFO|MCI|MAX|4,SFO,MCI,MAX,4,07_Same_Week_Last_Year,25.0,MEDIUM
SFO|MCI|MAX|5,SFO,MCI,MAX,5,01_Historical_Baseline,0.0,HIGH
SFO|MCI|MAX|6,SFO,MCI,MAX,6,01_Historical_Baseline,0.0,HIGH
SFO|MCI|MAX|7,SFO,MCI,MAX,7,01_Historical_Baseline,0.0,HIGH
SFO|MCO|EXP|3,SFO,MCO,EXP,3,01_Historical_Baseline,0.0,HIGH
SFO|MCO|EXP|4,SFO,MCO,EXP,4,09_Exp_Smoothing,4.499999999999993,HIGH
SFO|MCO|EXP|5,SFO,MCO,EXP,5,01_Historical_Baseline,999.0,LOW
SFO|MCO|EXP|6,SFO,MCO,EXP,6,01_Historical_Baseline,999.0,LOW
SFO|MCO|EXP|7,SFO,MCO,EXP,7,01_Historical_Baseline,999.0,LOW
SFO|MCO|MAX|3,SFO,MCO,MAX,3,08_Week_Specific,4.545454545454546,HIGH
SFO|MCO|MAX|4,SFO,MCO,MAX,4,08_Week_Specific,0.0,HIGH
SFO|MCO|MAX|5,SFO,MCO,MAX,5,01_Historical_Baseline,999.0,LOW
SFO|MCO|MAX|6,SFO,MCO,MAX,6,14_SARIMA,0.0,HIGH
SFO|MCO|MAX|7,SFO,MCO,MAX,7,01_Historical_Baseline,999.0,LOW
SFO|ORD|EXP|3,SFO,ORD,EXP,3,12_Median_Recent,2.7777777777777777,HIGH
SFO|ORD|EXP|4,SFO,ORD,EXP,4,01_Historical_Baseline,2.272727272727273,HIGH
SFO|ORD|EXP|5,SFO,ORD,EXP,5,01_Historical_Baseline,999.0,LOW
SFO|ORD|EXP|6,SFO,ORD,EXP,6,01_Historical_Baseline,999.0,LOW
SFO|ORD|EXP|7,SFO,ORD,EXP,7,01_Historical_Baseline,999.0,LOW
SFO|ORD|MAX|3,SFO,ORD,MAX,3,12_Median_Recent,2.631578947368421,HIGH
SFO|ORD|MAX|4,SFO,ORD,MAX,4,18_Clustering,4.151896490606166,HIGH
SFO|ORD|MAX|5,SFO,ORD,MAX,5,01_Historical_Baseline,999.0,LOW
SFO|ORD|MAX|6,SFO,ORD,MAX,6,01_Historical_Baseline,999.0,LOW
SFO|ORD|MAX|7,SFO,ORD,MAX,7,01_Historical_Baseline,999.0,LOW
SFO|PHX|EXP|7,SFO,PHX,EXP,7,01_Historical_Baseline,999.0,LOW
SFO|PHX|MAX|3,SFO,PHX,MAX,3,08_Week_Specific,3.125,HIGH
SFO|PHX|MAX|4,SFO,PHX,MAX,4,08_Week_Specific,0.0,HIGH
SFO|PHX|MAX|5,SFO,PHX,MAX,5,01_Historical_Baseline,999.0,LOW
SFO|PHX|MAX|6,SFO,PHX,MAX,6,01_Historical_Baseline,999.0,LOW
SFO|PHX|MAX|7,SFO,PHX,MAX,7,01_Historical_Baseline,999.0,LOW
SFO|SEA|MAX|3,SFO,SEA,MAX,3,01_Historical_Baseline,999.0,LOW
SFO|SEA|MAX|4,SFO,SEA,MAX,4,14_SARIMA,0.0,HIGH
SFO|SEA|MAX|5,SFO,SEA,MAX,5,01_Historical_Baseline,999.0,LOW
SFO|SEA|MAX|6,SFO,SEA,MAX,6,01_Historical_Baseline,999.0,LOW
SFO|SEA|MAX|7,SFO,SEA,MAX,7,07_Same_Week_Last_Year,0.0,HIGH
SFO|SLC|MAX|3,SFO,SLC,MAX,3,01_Historical_Baseline,25.0,MEDIUM
SFO|SLC|MAX|4,SFO,SLC,MAX,4,08_Week_Specific,0.0,HIGH
SFO|SLC|MAX|5,SFO,SLC,MAX,5,01_Historical_Baseline,999.0,LOW
SFO|SLC|MAX|6,SFO,SLC,MAX,6,01_Historical_Baseline,999.0,LOW
SFO|SLC|MAX|7,SFO,SLC,MAX,7,01_Historical_Baseline,999.0,LOW
SLC|ATL|EXP|3,SLC,ATL,EXP,3,01_Historical_Baseline,999.0,LOW
SLC|ATL|EXP|4,SLC,ATL,EXP,4,01_Historical_Baseline,999.0,LOW
SLC|ATL|EXP|5,SLC,ATL,EXP,5,01_Historical_Baseline,999.0,LOW
SLC|ATL|MAX|2,SLC,ATL,MAX,2,18_Clustering,54.09286097691896,LOW
SLC|ATL|MAX|3,SLC,ATL,MAX,3,14_SARIMA,23.69460905901526,MEDIUM
SLC|ATL|MAX|4,SLC,ATL,MAX,4,08_Week_Specific,1.8518518518518452,HIGH
SLC|ATL|MAX|5,SLC,ATL,MAX,5,01_Historical_Baseline,999.0,LOW
SLC|ATL|MAX|6,SLC,ATL,MAX,6,01_Historical_Baseline,999.0,LOW
SLC|ATL|MAX|7,SLC,ATL,MAX,7,01_Historical_Baseline,999.0,LOW
SLC|BOS|EXP|3,SLC,BOS,EXP,3,11_Hybrid_Week_Blend,1.0483870967741913,HIGH
SLC|BOS|EXP|4,SLC,BOS,EXP,4,16_ML_Regressor,8.414184981684995,HIGH
SLC|BOS|EXP|5,SLC,BOS,EXP,5,01_Historical_Baseline,999.0,LOW
SLC|BOS|MAX|2,SLC,BOS,MAX,2,18_Clustering,27.088661551577157,MEDIUM
SLC|BOS|MAX|3,SLC,BOS,MAX,3,03_Recent_4W_HYBRID,3.125,HIGH
SLC|BOS|MAX|4,SLC,BOS,MAX,4,01_Historical_Baseline,0.0,HIGH
SLC|BOS|MAX|5,SLC,BOS,MAX,5,01_Historical_Baseline,999.0,LOW
SLC|BOS|MAX|6,SLC,BOS,MAX,6,01_Historical_Baseline,999.0,LOW
SLC|BOS|MAX|7,SLC,BOS,MAX,7,01_Historical_Baseline,999.0,LOW
SLC|CAK|EXP|3,SLC,CAK,EXP,3,02_Recent_2W,9.375,HIGH
SLC|CAK|EXP|4,SLC,CAK,EXP,4,01_Historical_Baseline,9.090909090909092,HIGH
SLC|CAK|EXP|5,SLC,CAK,EXP,5,01_Historical_Baseline,0.0,HIGH
SLC|CAK|MAX|2,SLC,CAK,MAX,2,18_Clustering,50.42028985507246,LOW
SLC|CAK|MAX|3,SLC,CAK,MAX,3,14_SARIMA,15.402169072736308,HIGH
SLC|CAK|MAX|4,SLC,CAK,MAX,4,05_Trend_Adjusted,3.114035087719292,HIGH
SLC|CAK|MAX|5,SLC,CAK,MAX,5,01_Historical_Baseline,999.0,LOW
SLC|CAK|MAX|6,SLC,CAK,MAX,6,01_Historical_Baseline,999.0,LOW
SLC|CAK|MAX|7,SLC,CAK,MAX,7,01_Historical_Baseline,999.0,LOW
SLC|CLT|EXP|3,SLC,CLT,EXP,3,16_ML_Regressor,1.0381149807374734,HIGH
SLC|CLT|EXP|4,SLC,CLT,EXP,4,04_Recent_8W,0.0,HIGH
SLC|CLT|EXP|5,SLC,CLT,EXP,5,01_Historical_Baseline,999.0,LOW
SLC|CLT|MAX|2,SLC,CLT,MAX,2,18_Clustering,40.97653554175294,MEDIUM
SLC|CLT|MAX|3,SLC,CLT,MAX,3,04_Recent_8W,7.638888888888889,HIGH
SLC|CLT|MAX|4,SLC,CLT,MAX,4,03_Recent_4W_HYBRID,0.0,HIGH
SLC|CLT|MAX|5,SLC,CLT,MAX,5,01_Historical_Baseline,0.0,HIGH
SLC|CLT|MAX|6,SLC,CLT,MAX,6,01_Historical_Baseline,0.0,HIGH
SLC|CLT|MAX|7,SLC,CLT,MAX,7,01_Historical_Baseline,0.0,HIGH
SLC|CVG|MAX|2,SLC,CVG,MAX,2,18_Clustering,65.56964573268922,LOW
SLC|CVG|MAX|3,SLC,CVG,MAX,3,14_SARIMA,11.799841769940915,HIGH
SLC|CVG|MAX|4,SLC,CVG,MAX,4,11_Hybrid_Week_Blend,7.596153846153851,HIGH
SLC|CVG|MAX|5,SLC,CVG,MAX,5,01_Historical_Baseline,999.0,LOW
SLC|CVG|MAX|6,SLC,CVG,MAX,6,01_Historical_Baseline,999.0,LOW
SLC|DFW|MAX|2,SLC,DFW,MAX,2,18_Clustering,81.50010815487778,LOW
SLC|DFW|MAX|3,SLC,DFW,MAX,3,07_Same_Week_Last_Year,8.333333333333332,HIGH
SLC|DFW|MAX|4,SLC,DFW,MAX,4,18_Clustering,0.7521672616012307,HIGH
SLC|DFW|MAX|5,SLC,DFW,MAX,5,01_Historical_Baseline,999.0,LOW
SLC|DFW|MAX|6,SLC,DFW,MAX,6,01_Historical_Baseline,999.0,LOW
SLC|EWR|MAX|2,SLC,EWR,MAX,2,18_Clustering,54.09286097691896,LOW
SLC|EWR|MAX|3,SLC,EWR,MAX,3,04_Recent_8W,3.4090909090909087,HIGH
SLC|EWR|MAX|4,SLC,EWR,MAX,4,04_Recent_8W,4.166666666666666,HIGH
SLC|EWR|MAX|5,SLC,EWR,MAX,5,01_Historical_Baseline,999.0,LOW
SLC|EWR|MAX|6,SLC,EWR,MAX,6,01_Historical_Baseline,999.0,LOW
SLC|EWR|MAX|7,SLC,EWR,MAX,7,01_Historical_Baseline,999.0,LOW
SLC|IAD|EXP|2,SLC,IAD,EXP,2,06_Prior_Week,38.55421686746988,MEDIUM
SLC|IAD|EXP|3,SLC,IAD,EXP,3,09_Exp_Smoothing,0.0,HIGH
SLC|IAD|EXP|4,SLC,IAD,EXP,4,04_Recent_8W,1.261467889908257,HIGH
SLC|IAD|EXP|5,SLC,IAD,EXP,5,01_Historical_Baseline,999.0,LOW
SLC|IAD|MAX|2,SLC,IAD,MAX,2,18_Clustering,46.10901071203529,MEDIUM
SLC|IAD|MAX|3,SLC,IAD,MAX,3,03_Recent_4W_HYBRID,9.375,HIGH
SLC|IAD|MAX|4,SLC,IAD,MAX,4,04_Recent_8W,1.0416666666666663,HIGH
SLC|IAD|MAX|5,SLC,IAD,MAX,5,01_Historical_Baseline,999.0,LOW
SLC|IAD|MAX|6,SLC,IAD,MAX,6,01_Historical_Baseline,999.0,LOW
SLC|IAD|MAX|7,SLC,IAD,MAX,7,01_Historical_Baseline,999.0,LOW
SLC|IAH|EXP|3,SLC,IAH,EXP,3,01_Historical_Baseline,0.0,HIGH
SLC|IAH|EXP|4,SLC,IAH,EXP,4,01_Historical_Baseline,0.0,HIGH
SLC|IAH|EXP|5,SLC,IAH,EXP,5,01_Historical_Baseline,0.0,HIGH
SLC|IAH|MAX|2,SLC,IAH,MAX,2,18_Clustering,70.48826777087646,LOW
SLC|IAH|MAX|3,SLC,IAH,MAX,3,07_Same_Week_Last_Year,11.11111111111111,HIGH
SLC|IAH|MAX|4,SLC,IAH,MAX,4,02_Recent_2W,4.3478260869565215,HIGH
SLC|IAH|MAX|5,SLC,IAH,MAX,5,01_Historical_Baseline,999.0,LOW
SLC|IAH|MAX|6,SLC,IAH,MAX,6,01_Historical_Baseline,999.0,LOW
SLC|IAH|MAX|7,SLC,IAH,MAX,7,01_Historical_Baseline,999.0,LOW
SLC|MCI|MAX|2,SLC,MCI,MAX,2,18_Clustering,77.04643048845948,LOW
SLC|MCI|MAX|3,SLC,MCI,MAX,3,07_Same_Week_Last_Year,10.714285714285714,HIGH
SLC|MCI|MAX|4,SLC,MCI,MAX,4,13_Weighted_Recent_Week,0.0,HIGH
SLC|MCI|MAX|5,SLC,MCI,MAX,5,01_Historical_Baseline,0.0,HIGH
SLC|MCI|MAX|6,SLC,MCI,MAX,6,01_Historical_Baseline,0.0,HIGH
SLC|MCI|MAX|7,SLC,MCI,MAX,7,01_Historical_Baseline,0.0,HIGH
SLC|MCO|MAX|2,SLC,MCO,MAX,2,18_Clustering,50.42028985507246,LOW
SLC|MCO|MAX|3,SLC,MCO,MAX,3,03_Recent_4W_HYBRID,3.125,HIGH
SLC|MCO|MAX|4,SLC,MCO,MAX,4,16_ML_Regressor,4.568667085520476,HIGH
SLC|MCO|MAX|5,SLC,MCO,MAX,5,01_Historical_Baseline,999.0,LOW
SLC|MCO|MAX|6,SLC,MCO,MAX,6,01_Historical_Baseline,999.0,LOW
SLC|MCO|MAX|7,SLC,MCO,MAX,7,01_Historical_Baseline,999.0,LOW
SLC|ORD|EXP|3,SLC,ORD,EXP,3,01_Historical_Baseline,0.0,HIGH
SLC|ORD|EXP|4,SLC,ORD,EXP,4,01_Historical_Baseline,0.0,HIGH
SLC|ORD|EXP|5,SLC,ORD,EXP,5,01_Historical_Baseline,0.0,HIGH
SLC|ORD|MAX|2,SLC,ORD,MAX,2,18_Clustering,85.0663523659857,LOW
SLC|ORD|MAX|3,SLC,ORD,MAX,3,07_Same_Week_Last_Year,5.714285714285714,HIGH
SLC|ORD|MAX|4,SLC,ORD,MAX,4,16_ML_Regressor,14.421372775399584,HIGH
SLC|ORD|MAX|5,SLC,ORD,MAX,5,01_Historical_Baseline,999.0,LOW
SLC|ORD|MAX|6,SLC,ORD,MAX,6,01_Historical_Baseline,999.0,LOW
SLC|ORD|MAX|7,SLC,ORD,MAX,7,01_Historical_Baseline,999.0,LOW
SLC|PHX|MAX|2,SLC,PHX,MAX,2,18_Clustering,71.82971014492753,LOW
SLC|PHX|MAX|3,SLC,PHX,MAX,3,08_Week_Specific,4.310344827586207,HIGH
SLC|PHX|MAX|4,SLC,PHX,MAX,4,07_Same_Week_Last_Year,4.166666666666666,HIGH
SLC|PHX|MAX|5,SLC,PHX,MAX,5,01_Historical_Baseline,999.0,LOW
SLC|PHX|MAX|6,SLC,PHX,MAX,6,01_Historical_Baseline,999.0,LOW
SLC|PHX|MAX|7,SLC,PHX,MAX,7,01_Historical_Baseline,999.0,LOW
SLC|SFO|MAX|3,SLC,SFO,MAX,3,01_Historical_Baseline,999.0,LOW
SLC|SFO|MAX|4,SLC,SFO,MAX,4,01_Historical_Baseline,999.0,LOW
SLC|SFO|MAX|5,SLC,SFO,MAX,5,01_Historical_Baseline,999.0,LOW
SLC|SFO|MAX|6,SLC,SFO,MAX,6,01_Historical_Baseline,999.0,LOW
SLC|SFO|MAX|7,SLC,SFO,MAX,7,01_Historical_Baseline,999.0,LOW
