ODC,DDC,ProductType,dayofweek
ATL,BOS,MAX,3
ATL,BOS,MAX,4
ATL,BOS,MAX,5
ATL,BOS,MAX,6
ATL,CAK,MAX,3
ATL,DEN,MAX,2
ATL,DEN,MAX,3
ATL,DEN,MAX,4
ATL,DEN,MAX,5
ATL,DEN,MAX,6
ATL,DEN,MAX,7
ATL,LAX,EXP,3
ATL,LAX,EXP,4
ATL,LAX,EXP,5
ATL,LAX,MAX,2
ATL,LAX,MAX,3
ATL,LAX,MAX,4
ATL,LAX,MAX,5
ATL,LAX,MAX,6
ATL,LAX,MAX,7
ATL,MCI,MAX,3
ATL,MCI,MAX,4
ATL,MCI,MAX,5
ATL,MCI,MAX,6
ATL,PHX,MAX,2
ATL,PHX,MAX,3
ATL,PHX,MAX,4
ATL,PHX,MAX,5
ATL,PHX,MAX,6
ATL,PHX,MAX,7
ATL,SEA,EXP,3
ATL,SEA,EXP,4
ATL,SEA,EXP,5
ATL,SEA,EXP,6
ATL,SEA,MAX,2
ATL,SEA,MAX,3
ATL,SEA,MAX,4
ATL,SEA,MAX,5
ATL,SEA,MAX,6
ATL,SEA,MAX,7
ATL,SFO,EXP,3
ATL,SFO,EXP,4
ATL,SFO,EXP,5
ATL,SFO,MAX,2
ATL,SFO,MAX,3
ATL,SFO,MAX,4
ATL,SFO,MAX,5
ATL,SFO,MAX,6
ATL,SFO,MAX,7
ATL,SJU,EXP,3
ATL,SJU,EXP,4
ATL,SJU,EXP,5
ATL,SJU,EXP,6
ATL,SJU,EXP,7
ATL,SLC,EXP,3
ATL,SLC,EXP,4
ATL,SLC,EXP,5
ATL,SLC,MAX,2
ATL,SLC,MAX,3
ATL,SLC,MAX,4
ATL,SLC,MAX,5
ATL,SLC,MAX,6
ATL,SLC,MAX,7
CAK,ATL,MAX,3
CAK,ATL,MAX,4
CAK,ATL,MAX,5
CAK,ATL,MAX,6
CAK,CLT,MAX,3
CAK,CLT,MAX,4
CAK,CLT,MAX,5
CAK,CLT,MAX,6
CAK,DEN,EXP,3
CAK,DEN,EXP,4
CAK,DEN,EXP,5
CAK,DEN,MAX,3
CAK,DEN,MAX,4
CAK,DEN,MAX,5
CAK,DEN,MAX,6
CAK,DEN,MAX,7
CAK,DFW,MAX,3
CAK,DFW,MAX,4
CAK,DFW,MAX,5
CAK,DFW,MAX,6
CAK,IAH,MAX,3
CAK,IAH,MAX,4
CAK,IAH,MAX,5
CAK,IAH,MAX,6
CAK,LAX,MAX,3
CAK,LAX,MAX,4
CAK,LAX,MAX,5
CAK,LAX,MAX,6
CAK,LAX,MAX,7
CAK,MCI,MAX,3
CAK,MCI,MAX,4
CAK,MCI,MAX,5
CAK,MCI,MAX,6
CAK,MCO,MAX,3
CAK,MCO,MAX,4
CAK,MCO,MAX,5
CAK,MCO,MAX,6
CAK,PHX,MAX,3
CAK,PHX,MAX,4
CAK,PHX,MAX,5
CAK,PHX,MAX,6
CAK,PHX,MAX,7
CAK,SEA,EXP,3
CAK,SEA,EXP,4
CAK,SEA,EXP,5
CAK,SEA,EXP,6
CAK,SEA,MAX,3
CAK,SEA,MAX,4
CAK,SEA,MAX,5
CAK,SEA,MAX,6
CAK,SEA,MAX,7
CAK,SFO,EXP,3
CAK,SFO,EXP,4
CAK,SFO,EXP,5
CAK,SFO,EXP,6
CAK,SFO,EXP,7
CAK,SFO,MAX,3
CAK,SFO,MAX,4
CAK,SFO,MAX,5
CAK,SFO,MAX,6
CAK,SFO,MAX,7
CAK,SLC,EXP,3
CAK,SLC,EXP,4
CAK,SLC,EXP,5
CAK,SLC,MAX,3
CAK,SLC,MAX,4
CAK,SLC,MAX,5
CAK,SLC,MAX,6
CAK,SLC,MAX,7
CLT,DEN,EXP,2
CLT,DEN,EXP,3
CLT,DEN,EXP,4
CLT,DEN,EXP,5
CLT,DEN,MAX,2
CLT,DEN,MAX,3
CLT,DEN,MAX,4
CLT,DEN,MAX,5
CLT,DEN,MAX,6
CLT,DEN,MAX,7
CLT,DFW,MAX,2
CLT,DFW,MAX,3
CLT,DFW,MAX,4
CLT,DFW,MAX,5
CLT,DFW,MAX,6
CLT,IAH,MAX,2
CLT,IAH,MAX,3
CLT,IAH,MAX,4
CLT,IAH,MAX,5
CLT,IAH,MAX,6
CLT,LAX,EXP,2
CLT,LAX,EXP,3
CLT,LAX,EXP,4
CLT,LAX,EXP,5
CLT,LAX,MAX,2
CLT,LAX,MAX,3
CLT,LAX,MAX,4
CLT,LAX,MAX,5
CLT,LAX,MAX,6
CLT,LAX,MAX,7
CLT,MCI,MAX,2
CLT,MCI,MAX,3
CLT,MCI,MAX,4
CLT,MCI,MAX,5
CLT,MCI,MAX,6
CLT,ORD,MAX,4
CLT,ORD,MAX,5
CLT,ORD,MAX,6
CLT,PHX,EXP,2
CLT,PHX,EXP,3
CLT,PHX,EXP,4
CLT,PHX,EXP,5
CLT,PHX,MAX,2
CLT,PHX,MAX,3
CLT,PHX,MAX,4
CLT,PHX,MAX,5
CLT,PHX,MAX,6
CLT,PHX,MAX,7
CLT,SEA,EXP,2
CLT,SEA,EXP,3
CLT,SEA,EXP,4
CLT,SEA,EXP,5
CLT,SEA,EXP,6
CLT,SEA,EXP,7
CLT,SEA,MAX,2
CLT,SEA,MAX,3
CLT,SEA,MAX,4
CLT,SEA,MAX,5
CLT,SEA,MAX,6
CLT,SEA,MAX,7
CLT,SFO,EXP,2
CLT,SFO,EXP,3
CLT,SFO,EXP,4
CLT,SFO,EXP,5
CLT,SFO,EXP,6
CLT,SFO,EXP,7
CLT,SFO,MAX,2
CLT,SFO,MAX,3
CLT,SFO,MAX,4
CLT,SFO,MAX,5
CLT,SFO,MAX,6
CLT,SFO,MAX,7
CLT,SLC,EXP,2
CLT,SLC,EXP,3
CLT,SLC,EXP,4
CLT,SLC,EXP,5
CLT,SLC,MAX,2
CLT,SLC,MAX,3
CLT,SLC,MAX,4
CLT,SLC,MAX,5
CLT,SLC,MAX,6
CLT,SLC,MAX,7
CVG,BOS,MAX,3
CVG,BOS,MAX,4
CVG,BOS,MAX,5
CVG,BOS,MAX,6
CVG,DEN,MAX,2
CVG,DEN,MAX,3
CVG,DEN,MAX,4
CVG,DEN,MAX,5
CVG,DEN,MAX,6
CVG,IAH,MAX,3
CVG,IAH,MAX,4
CVG,IAH,MAX,5
CVG,IAH,MAX,6
CVG,LAX,MAX,2
CVG,LAX,MAX,3
CVG,LAX,MAX,4
CVG,LAX,MAX,5
CVG,LAX,MAX,6
CVG,LAX,MAX,7
CVG,PHX,MAX,3
CVG,PHX,MAX,4
CVG,PHX,MAX,5
CVG,PHX,MAX,6
CVG,SEA,MAX,3
CVG,SEA,MAX,4
CVG,SEA,MAX,5
CVG,SEA,MAX,6
CVG,SEA,MAX,7
CVG,SFO,MAX,3
CVG,SFO,MAX,4
CVG,SFO,MAX,5
CVG,SFO,MAX,6
CVG,SFO,MAX,7
CVG,SLC,MAX,2
CVG,SLC,MAX,3
CVG,SLC,MAX,4
CVG,SLC,MAX,5
CVG,SLC,MAX,6
DEN,ATL,MAX,3
DEN,ATL,MAX,4
DEN,ATL,MAX,5
DEN,ATL,MAX,6
DEN,ATL,MAX,7
DEN,BOS,EXP,3
DEN,BOS,EXP,4
DEN,BOS,EXP,5
DEN,BOS,EXP,6
DEN,BOS,MAX,3
DEN,BOS,MAX,4
DEN,BOS,MAX,5
DEN,BOS,MAX,6
DEN,BOS,MAX,7
DEN,CAK,EXP,3
DEN,CAK,MAX,3
DEN,CAK,MAX,4
DEN,CAK,MAX,5
DEN,CAK,MAX,6
DEN,CAK,MAX,7
DEN,CLT,EXP,3
DEN,CLT,EXP,4
DEN,CLT,EXP,5
DEN,CLT,MAX,3
DEN,CLT,MAX,4
DEN,CLT,MAX,5
DEN,CLT,MAX,6
DEN,CLT,MAX,7
DEN,CVG,MAX,3
DEN,CVG,MAX,4
DEN,CVG,MAX,5
DEN,CVG,MAX,6
DEN,CVG,MAX,7
DEN,DFW,MAX,3
DEN,EWR,EXP,3
DEN,EWR,EXP,4
DEN,EWR,EXP,5
DEN,EWR,MAX,3
DEN,EWR,MAX,4
DEN,EWR,MAX,5
DEN,EWR,MAX,6
DEN,EWR,MAX,7
DEN,IAD,EXP,3
DEN,IAD,EXP,4
DEN,IAD,EXP,5
DEN,IAD,MAX,3
DEN,IAD,MAX,4
DEN,IAD,MAX,5
DEN,IAD,MAX,6
DEN,IAD,MAX,7
DEN,IAH,MAX,3
DEN,IAH,MAX,4
DEN,IAH,MAX,5
DEN,IAH,MAX,6
DEN,IAH,MAX,7
DEN,LAX,MAX,3
DEN,LAX,MAX,4
DEN,LAX,MAX,5
DEN,LAX,MAX,6
DEN,MCI,MAX,3
DEN,MCI,MAX,4
DEN,MCI,MAX,5
DEN,MCI,MAX,6
DEN,MCI,MAX,7
DEN,MCO,EXP,3
DEN,MCO,EXP,4
DEN,MCO,EXP,5
DEN,MCO,MAX,3
DEN,MCO,MAX,4
DEN,MCO,MAX,5
DEN,MCO,MAX,6
DEN,MCO,MAX,7
DEN,ORD,MAX,3
DEN,ORD,MAX,4
DEN,ORD,MAX,5
DEN,ORD,MAX,6
DEN,ORD,MAX,7
DEN,PHX,EXP,3
DEN,PHX,EXP,4
DEN,PHX,EXP,5
DEN,PHX,MAX,3
DEN,PHX,MAX,4
DEN,PHX,MAX,5
DEN,PHX,MAX,6
DEN,PHX,MAX,7
DEN,SEA,MAX,3
DEN,SEA,MAX,4
DEN,SEA,MAX,5
DEN,SEA,MAX,6
DEN,SEA,MAX,7
DEN,SFO,MAX,3
DEN,SFO,MAX,4
DEN,SFO,MAX,5
DEN,SFO,MAX,6
DEN,SFO,MAX,7
DFW,ATL,MAX,2
DFW,ATL,MAX,4
DFW,BOS,MAX,2
DFW,BOS,MAX,3
DFW,BOS,MAX,4
DFW,BOS,MAX,5
DFW,BOS,MAX,6
DFW,BOS,MAX,7
DFW,CAK,MAX,2
DFW,CAK,MAX,3
DFW,CAK,MAX,4
DFW,CAK,MAX,5
DFW,CAK,MAX,6
DFW,CLT,MAX,2
DFW,CLT,MAX,3
DFW,CLT,MAX,4
DFW,CLT,MAX,5
DFW,CLT,MAX,6
DFW,EWR,MAX,2
DFW,EWR,MAX,3
DFW,EWR,MAX,4
DFW,EWR,MAX,5
DFW,EWR,MAX,6
DFW,IAD,MAX,2
DFW,IAD,MAX,3
DFW,IAD,MAX,4
DFW,IAD,MAX,5
DFW,IAD,MAX,6
DFW,LAX,MAX,2
DFW,LAX,MAX,3
DFW,LAX,MAX,4
DFW,LAX,MAX,5
DFW,LAX,MAX,6
DFW,MCO,MAX,3
DFW,MCO,MAX,4
DFW,MCO,MAX,5
DFW,MCO,MAX,6
DFW,ORD,MAX,2
DFW,ORD,MAX,3
DFW,ORD,MAX,4
DFW,ORD,MAX,5
DFW,ORD,MAX,6
DFW,PHX,MAX,2
DFW,PHX,MAX,3
DFW,PHX,MAX,4
DFW,PHX,MAX,5
DFW,PHX,MAX,6
DFW,PHX,MAX,7
DFW,SEA,EXP,2
DFW,SEA,EXP,3
DFW,SEA,EXP,4
DFW,SEA,EXP,5
DFW,SEA,EXP,6
DFW,SEA,EXP,7
DFW,SEA,MAX,2
DFW,SEA,MAX,3
DFW,SEA,MAX,4
DFW,SEA,MAX,5
DFW,SEA,MAX,6
DFW,SEA,MAX,7
DFW,SFO,MAX,2
DFW,SFO,MAX,3
DFW,SFO,MAX,4
DFW,SFO,MAX,5
DFW,SFO,MAX,6
DFW,SLC,EXP,7
DFW,SLC,MAX,3
DFW,SLC,MAX,4
DFW,SLC,MAX,5
DFW,SLC,MAX,6
DFW,SLC,MAX,7
EWR,DEN,EXP,3
EWR,DEN,EXP,4
EWR,DEN,EXP,5
EWR,DEN,MAX,2
EWR,DEN,MAX,3
EWR,DEN,MAX,4
EWR,DEN,MAX,5
EWR,DEN,MAX,6
EWR,DEN,MAX,7
EWR,DFW,MAX,2
EWR,DFW,MAX,3
EWR,DFW,MAX,4
EWR,IAH,MAX,2
EWR,IAH,MAX,3
EWR,IAH,MAX,4
EWR,IAH,MAX,6
EWR,LAX,EXP,3
EWR,LAX,EXP,4
EWR,LAX,EXP,5
EWR,LAX,MAX,2
EWR,LAX,MAX,3
EWR,LAX,MAX,4
EWR,LAX,MAX,5
EWR,LAX,MAX,6
EWR,LAX,MAX,7
EWR,MCI,MAX,2
EWR,MCI,MAX,3
EWR,MCI,MAX,4
EWR,MCI,MAX,6
EWR,MCO,MAX,2
EWR,MCO,MAX,3
EWR,MCO,MAX,4
EWR,MCO,MAX,5
EWR,MCO,MAX,6
EWR,PHX,MAX,2
EWR,PHX,MAX,3
EWR,PHX,MAX,4
EWR,PHX,MAX,6
EWR,PHX,MAX,7
EWR,SEA,EXP,3
EWR,SEA,EXP,4
EWR,SEA,EXP,5
EWR,SEA,EXP,6
EWR,SEA,EXP,7
EWR,SEA,MAX,2
EWR,SEA,MAX,3
EWR,SEA,MAX,4
EWR,SEA,MAX,5
EWR,SEA,MAX,6
EWR,SEA,MAX,7
EWR,SFO,EXP,3
EWR,SFO,EXP,4
EWR,SFO,EXP,5
EWR,SFO,EXP,6
EWR,SFO,EXP,7
EWR,SFO,MAX,2
EWR,SFO,MAX,3
EWR,SFO,MAX,4
EWR,SFO,MAX,5
EWR,SFO,MAX,6
EWR,SFO,MAX,7
EWR,SLC,EXP,3
EWR,SLC,EXP,4
EWR,SLC,EXP,5
EWR,SLC,MAX,2
EWR,SLC,MAX,3
EWR,SLC,MAX,4
EWR,SLC,MAX,5
EWR,SLC,MAX,6
EWR,SLC,MAX,7
IAD,DEN,EXP,3
IAD,DEN,EXP,4
IAD,DEN,EXP,5
IAD,DEN,MAX,3
IAD,DEN,MAX,4
IAD,DEN,MAX,5
IAD,DEN,MAX,6
IAD,DEN,MAX,7
IAD,DFW,MAX,3
IAD,DFW,MAX,4
IAD,DFW,MAX,5
IAD,DFW,MAX,6
IAD,IAH,MAX,3
IAD,IAH,MAX,4
IAD,IAH,MAX,5
IAD,IAH,MAX,6
IAD,LAX,MAX,3
IAD,LAX,MAX,4
IAD,LAX,MAX,5
IAD,LAX,MAX,6
IAD,LAX,MAX,7
IAD,MCI,MAX,3
IAD,MCI,MAX,4
IAD,MCI,MAX,5
IAD,MCI,MAX,6
IAD,MCO,MAX,3
IAD,MCO,MAX,4
IAD,MCO,MAX,5
IAD,MCO,MAX,6
IAD,ORD,MAX,3
IAD,ORD,MAX,4
IAD,ORD,MAX,5
IAD,ORD,MAX,6
IAD,PHX,MAX,3
IAD,PHX,MAX,4
IAD,PHX,MAX,5
IAD,PHX,MAX,6
IAD,PHX,MAX,7
IAD,SEA,EXP,3
IAD,SEA,EXP,4
IAD,SEA,EXP,5
IAD,SEA,EXP,6
IAD,SEA,EXP,7
IAD,SEA,MAX,3
IAD,SEA,MAX,4
IAD,SEA,MAX,5
IAD,SEA,MAX,6
IAD,SEA,MAX,7
IAD,SFO,EXP,3
IAD,SFO,EXP,4
IAD,SFO,EXP,5
IAD,SFO,EXP,6
IAD,SFO,EXP,7
IAD,SFO,MAX,3
IAD,SFO,MAX,4
IAD,SFO,MAX,5
IAD,SFO,MAX,6
IAD,SFO,MAX,7
IAD,SLC,EXP,3
IAD,SLC,EXP,4
IAD,SLC,EXP,5
IAD,SLC,MAX,3
IAD,SLC,MAX,4
IAD,SLC,MAX,5
IAD,SLC,MAX,6
IAD,SLC,MAX,7
IAH,BOS,EXP,3
IAH,BOS,EXP,4
IAH,BOS,EXP,5
IAH,BOS,EXP,6
IAH,BOS,EXP,7
IAH,BOS,MAX,3
IAH,BOS,MAX,4
IAH,BOS,MAX,5
IAH,BOS,MAX,6
IAH,BOS,MAX,7
IAH,CAK,MAX,3
IAH,CAK,MAX,4
IAH,CAK,MAX,5
IAH,CAK,MAX,6
IAH,CAK,MAX,7
IAH,CLT,MAX,3
IAH,CLT,MAX,4
IAH,CLT,MAX,5
IAH,CLT,MAX,6
IAH,CLT,MAX,7
IAH,CVG,MAX,3
IAH,CVG,MAX,4
IAH,CVG,MAX,5
IAH,CVG,MAX,6
IAH,DEN,MAX,3
IAH,DEN,MAX,4
IAH,DEN,MAX,5
IAH,DEN,MAX,6
IAH,EWR,MAX,3
IAH,EWR,MAX,4
IAH,EWR,MAX,5
IAH,EWR,MAX,6
IAH,EWR,MAX,7
IAH,IAD,MAX,3
IAH,IAD,MAX,4
IAH,IAD,MAX,5
IAH,IAD,MAX,6
IAH,IAD,MAX,7
IAH,LAX,EXP,3
IAH,LAX,EXP,4
IAH,LAX,EXP,5
IAH,LAX,MAX,3
IAH,LAX,MAX,4
IAH,LAX,MAX,5
IAH,LAX,MAX,6
IAH,LAX,MAX,7
IAH,MCI,MAX,3
IAH,MCI,MAX,4
IAH,MCI,MAX,5
IAH,MCI,MAX,6
IAH,MCO,MAX,3
IAH,MCO,MAX,4
IAH,MCO,MAX,5
IAH,MCO,MAX,6
IAH,ORD,MAX,3
IAH,ORD,MAX,4
IAH,ORD,MAX,5
IAH,ORD,MAX,6
IAH,PHX,MAX,3
IAH,PHX,MAX,4
IAH,PHX,MAX,5
IAH,PHX,MAX,6
IAH,SEA,EXP,3
IAH,SEA,EXP,4
IAH,SEA,EXP,5
IAH,SEA,EXP,6
IAH,SEA,EXP,7
IAH,SEA,MAX,3
IAH,SEA,MAX,4
IAH,SEA,MAX,5
IAH,SEA,MAX,6
IAH,SEA,MAX,7
IAH,SFO,EXP,3
IAH,SFO,EXP,4
IAH,SFO,MAX,3
IAH,SFO,MAX,4
IAH,SFO,MAX,5
IAH,SFO,MAX,6
IAH,SFO,MAX,7
IAH,SLC,EXP,3
IAH,SLC,EXP,4
IAH,SLC,EXP,5
IAH,SLC,EXP,6
IAH,SLC,EXP,7
IAH,SLC,MAX,3
IAH,SLC,MAX,4
IAH,SLC,MAX,5
IAH,SLC,MAX,6
IAH,SLC,MAX,7
LAX,ATL,EXP,3
LAX,ATL,EXP,4
LAX,ATL,EXP,5
LAX,ATL,MAX,3
LAX,ATL,MAX,4
LAX,ATL,MAX,5
LAX,ATL,MAX,6
LAX,ATL,MAX,7
LAX,BOS,EXP,3
LAX,BOS,EXP,4
LAX,BOS,EXP,5
LAX,BOS,EXP,6
LAX,BOS,MAX,3
LAX,BOS,MAX,4
LAX,BOS,MAX,5
LAX,BOS,MAX,6
LAX,BOS,MAX,7
LAX,CAK,EXP,3
LAX,CAK,EXP,4
LAX,CAK,EXP,5
LAX,CAK,MAX,3
LAX,CAK,MAX,6
LAX,CAK,MAX,7
LAX,CLT,EXP,3
LAX,CLT,EXP,4
LAX,CLT,EXP,5
LAX,CLT,EXP,6
LAX,CLT,MAX,3
LAX,CLT,MAX,4
LAX,CLT,MAX,5
LAX,CLT,MAX,6
LAX,CLT,MAX,7
LAX,CVG,EXP,3
LAX,CVG,EXP,4
LAX,CVG,MAX,3
LAX,CVG,MAX,4
LAX,CVG,MAX,5
LAX,CVG,MAX,6
LAX,CVG,MAX,7
LAX,DEN,MAX,2
LAX,DEN,MAX,3
LAX,DEN,MAX,4
LAX,DEN,MAX,5
LAX,DEN,MAX,6
LAX,DFW,MAX,3
LAX,DFW,MAX,4
LAX,DFW,MAX,5
LAX,DFW,MAX,6
LAX,DFW,MAX,7
LAX,EWR,MAX,3
LAX,EWR,MAX,6
LAX,EWR,MAX,7
LAX,HNL,EXP,2
LAX,HNL,EXP,3
LAX,HNL,EXP,4
LAX,HNL,EXP,5
LAX,HNL,EXP,6
LAX,HNL,EXP,7
LAX,IAD,EXP,3
LAX,IAD,EXP,4
LAX,IAD,EXP,5
LAX,IAD,MAX,3
LAX,IAD,MAX,4
LAX,IAD,MAX,5
LAX,IAD,MAX,6
LAX,IAD,MAX,7
LAX,IAH,MAX,2
LAX,IAH,MAX,3
LAX,IAH,MAX,4
LAX,IAH,MAX,5
LAX,IAH,MAX,6
LAX,MCI,MAX,3
LAX,MCI,MAX,4
LAX,MCI,MAX,5
LAX,MCI,MAX,6
LAX,MCO,EXP,3
LAX,MCO,EXP,4
LAX,MCO,EXP,5
LAX,MCO,EXP,6
LAX,MCO,MAX,3
LAX,MCO,MAX,4
LAX,MCO,MAX,5
LAX,MCO,MAX,6
LAX,MCO,MAX,7
LAX,ORD,EXP,3
LAX,ORD,EXP,4
LAX,ORD,EXP,5
LAX,ORD,MAX,3
LAX,ORD,MAX,6
LAX,ORD,MAX,7
LAX,SEA,MAX,3
LAX,SEA,MAX,4
LAX,SEA,MAX,5
LAX,SEA,MAX,6
MCI,ATL,MAX,6
MCI,BOS,MAX,3
MCI,BOS,MAX,4
MCI,BOS,MAX,5
MCI,BOS,MAX,6
MCI,CAK,MAX,3
MCI,CAK,MAX,4
MCI,CAK,MAX,5
MCI,CAK,MAX,6
MCI,CLT,MAX,3
MCI,CLT,MAX,4
MCI,CLT,MAX,5
MCI,CLT,MAX,6
MCI,DEN,MAX,3
MCI,DEN,MAX,4
MCI,DEN,MAX,5
MCI,DEN,MAX,6
MCI,EWR,MAX,3
MCI,EWR,MAX,4
MCI,EWR,MAX,5
MCI,EWR,MAX,6
MCI,IAD,MAX,3
MCI,IAD,MAX,4
MCI,IAD,MAX,5
MCI,IAD,MAX,6
MCI,IAH,MAX,3
MCI,IAH,MAX,4
MCI,IAH,MAX,5
MCI,IAH,MAX,6
MCI,LAX,EXP,4
MCI,LAX,EXP,5
MCI,LAX,MAX,3
MCI,LAX,MAX,4
MCI,LAX,MAX,5
MCI,LAX,MAX,6
MCI,LAX,MAX,7
MCI,MCO,MAX,3
MCI,MCO,MAX,4
MCI,MCO,MAX,5
MCI,MCO,MAX,6
MCI,PHX,MAX,3
MCI,PHX,MAX,4
MCI,PHX,MAX,5
MCI,PHX,MAX,6
MCI,PHX,MAX,7
MCI,SEA,EXP,3
MCI,SEA,EXP,4
MCI,SEA,EXP,5
MCI,SEA,EXP,6
MCI,SEA,EXP,7
MCI,SEA,MAX,7
MCI,SFO,EXP,3
MCI,SFO,MAX,3
MCI,SFO,MAX,4
MCI,SFO,MAX,5
MCI,SFO,MAX,6
MCI,SFO,MAX,7
MCI,SLC,EXP,3
MCI,SLC,EXP,4
MCI,SLC,EXP,5
MCI,SLC,EXP,6
MCI,SLC,EXP,7
MCI,SLC,MAX,3
MCO,BOS,MAX,3
MCO,BOS,MAX,4
MCO,BOS,MAX,5
MCO,BOS,MAX,6
MCO,CAK,MAX,3
MCO,CAK,MAX,4
MCO,CAK,MAX,5
MCO,CAK,MAX,6
MCO,CLT,MAX,3
MCO,CLT,MAX,4
MCO,CLT,MAX,5
MCO,CLT,MAX,6
MCO,DEN,EXP,3
MCO,DEN,EXP,4
MCO,DEN,EXP,5
MCO,DEN,MAX,3
MCO,DEN,MAX,4
MCO,DEN,MAX,6
MCO,DEN,MAX,7
MCO,DFW,MAX,3
MCO,DFW,MAX,4
MCO,DFW,MAX,5
MCO,DFW,MAX,6
MCO,EWR,MAX,3
MCO,EWR,MAX,4
MCO,EWR,MAX,5
MCO,EWR,MAX,6
MCO,IAD,MAX,3
MCO,IAD,MAX,4
MCO,IAD,MAX,5
MCO,IAD,MAX,6
MCO,IAH,MAX,3
MCO,IAH,MAX,4
MCO,IAH,MAX,5
MCO,IAH,MAX,6
MCO,LAX,MAX,3
MCO,LAX,MAX,4
MCO,LAX,MAX,5
MCO,LAX,MAX,6
MCO,LAX,MAX,7
MCO,MCI,MAX,3
MCO,MCI,MAX,4
MCO,MCI,MAX,5
MCO,MCI,MAX,6
MCO,ORD,MAX,3
MCO,ORD,MAX,4
MCO,ORD,MAX,5
MCO,ORD,MAX,6
MCO,PHX,MAX,3
MCO,PHX,MAX,4
MCO,PHX,MAX,5
MCO,PHX,MAX,6
MCO,PHX,MAX,7
MCO,SEA,EXP,3
MCO,SEA,EXP,4
MCO,SEA,EXP,5
MCO,SEA,EXP,6
MCO,SEA,EXP,7
MCO,SEA,MAX,3
MCO,SEA,MAX,4
MCO,SEA,MAX,5
MCO,SEA,MAX,6
MCO,SEA,MAX,7
MCO,SFO,EXP,3
MCO,SFO,EXP,4
MCO,SFO,EXP,5
MCO,SFO,EXP,6
MCO,SFO,EXP,7
MCO,SFO,MAX,3
MCO,SFO,MAX,4
MCO,SFO,MAX,5
MCO,SFO,MAX,6
MCO,SFO,MAX,7
MCO,SLC,EXP,3
MCO,SLC,EXP,4
MCO,SLC,EXP,5
MCO,SLC,MAX,3
MCO,SLC,MAX,4
MCO,SLC,MAX,5
MCO,SLC,MAX,6
MCO,SLC,MAX,7
ORD,BOS,MAX,2
ORD,BOS,MAX,3
ORD,BOS,MAX,4
ORD,BOS,MAX,5
ORD,BOS,MAX,6
ORD,CLT,MAX,2
ORD,CLT,MAX,3
ORD,CLT,MAX,4
ORD,CLT,MAX,5
ORD,CLT,MAX,6
ORD,CLT,MAX,7
ORD,DEN,MAX,2
ORD,DEN,MAX,3
ORD,DEN,MAX,4
ORD,DEN,MAX,5
ORD,DEN,MAX,6
ORD,DEN,MAX,7
ORD,DFW,MAX,2
ORD,DFW,MAX,3
ORD,DFW,MAX,4
ORD,DFW,MAX,5
ORD,DFW,MAX,6
ORD,IAD,MAX,2
ORD,IAD,MAX,3
ORD,IAD,MAX,4
ORD,IAD,MAX,5
ORD,IAD,MAX,6
ORD,IAH,MAX,2
ORD,IAH,MAX,3
ORD,IAH,MAX,4
ORD,IAH,MAX,5
ORD,IAH,MAX,6
ORD,LAX,EXP,2
ORD,LAX,EXP,3
ORD,LAX,EXP,4
ORD,LAX,EXP,5
ORD,LAX,MAX,2
ORD,LAX,MAX,3
ORD,LAX,MAX,4
ORD,LAX,MAX,5
ORD,LAX,MAX,6
ORD,LAX,MAX,7
ORD,MCO,MAX,2
ORD,MCO,MAX,3
ORD,MCO,MAX,4
ORD,MCO,MAX,5
ORD,MCO,MAX,6
ORD,PHX,MAX,2
ORD,PHX,MAX,3
ORD,PHX,MAX,4
ORD,PHX,MAX,5
ORD,PHX,MAX,6
ORD,PHX,MAX,7
ORD,SEA,EXP,2
ORD,SEA,EXP,3
ORD,SEA,EXP,4
ORD,SEA,EXP,5
ORD,SEA,EXP,6
ORD,SEA,EXP,7
ORD,SEA,MAX,2
ORD,SEA,MAX,3
ORD,SEA,MAX,4
ORD,SEA,MAX,5
ORD,SEA,MAX,6
ORD,SEA,MAX,7
ORD,SFO,EXP,2
ORD,SFO,EXP,3
ORD,SFO,EXP,4
ORD,SFO,EXP,5
ORD,SFO,EXP,6
ORD,SFO,EXP,7
ORD,SFO,MAX,2
ORD,SFO,MAX,3
ORD,SFO,MAX,4
ORD,SFO,MAX,5
ORD,SFO,MAX,6
ORD,SFO,MAX,7
ORD,SLC,EXP,2
ORD,SLC,EXP,3
ORD,SLC,EXP,4
ORD,SLC,EXP,5
ORD,SLC,MAX,2
ORD,SLC,MAX,3
ORD,SLC,MAX,4
ORD,SLC,MAX,5
ORD,SLC,MAX,6
ORD,SLC,MAX,7
PHX,ATL,MAX,2
PHX,ATL,MAX,3
PHX,ATL,MAX,4
PHX,ATL,MAX,5
PHX,ATL,MAX,6
PHX,ATL,MAX,7
PHX,BOS,EXP,3
PHX,BOS,EXP,4
PHX,BOS,EXP,5
PHX,BOS,EXP,6
PHX,BOS,MAX,2
PHX,BOS,MAX,3
PHX,BOS,MAX,4
PHX,BOS,MAX,5
PHX,BOS,MAX,6
PHX,BOS,MAX,7
PHX,CAK,EXP,3
PHX,CAK,EXP,4
PHX,CAK,EXP,5
PHX,CAK,MAX,2
PHX,CAK,MAX,3
PHX,CAK,MAX,4
PHX,CAK,MAX,5
PHX,CAK,MAX,6
PHX,CAK,MAX,7
PHX,CLT,EXP,3
PHX,CLT,EXP,4
PHX,CLT,EXP,5
PHX,CLT,EXP,6
PHX,CLT,EXP,7
PHX,CLT,MAX,2
PHX,CLT,MAX,3
PHX,CLT,MAX,4
PHX,CLT,MAX,5
PHX,CLT,MAX,6
PHX,CLT,MAX,7
PHX,CVG,EXP,3
PHX,CVG,EXP,4
PHX,CVG,EXP,5
PHX,CVG,MAX,2
PHX,CVG,MAX,3
PHX,CVG,MAX,4
PHX,CVG,MAX,5
PHX,CVG,MAX,6
PHX,DEN,MAX,2
PHX,DEN,MAX,3
PHX,DEN,MAX,4
PHX,DEN,MAX,5
PHX,DEN,MAX,6
PHX,DEN,MAX,7
PHX,DFW,MAX,2
PHX,DFW,MAX,3
PHX,DFW,MAX,4
PHX,DFW,MAX,5
PHX,DFW,MAX,6
PHX,DFW,MAX,7
PHX,EWR,EXP,3
PHX,EWR,EXP,4
PHX,EWR,EXP,5
PHX,EWR,MAX,2
PHX,EWR,MAX,3
PHX,EWR,MAX,4
PHX,EWR,MAX,5
PHX,EWR,MAX,6
PHX,EWR,MAX,7
PHX,IAD,EXP,3
PHX,IAD,EXP,4
PHX,IAD,EXP,5
PHX,IAD,MAX,2
PHX,IAD,MAX,3
PHX,IAD,MAX,4
PHX,IAD,MAX,5
PHX,IAD,MAX,6
PHX,IAD,MAX,7
PHX,IAH,MAX,2
PHX,IAH,MAX,3
PHX,IAH,MAX,4
PHX,IAH,MAX,5
PHX,IAH,MAX,6
PHX,MCI,MAX,2
PHX,MCI,MAX,3
PHX,MCI,MAX,4
PHX,MCI,MAX,5
PHX,MCI,MAX,6
PHX,MCI,MAX,7
PHX,MCO,EXP,3
PHX,MCO,EXP,4
PHX,MCO,EXP,5
PHX,MCO,EXP,6
PHX,MCO,EXP,7
PHX,MCO,MAX,2
PHX,MCO,MAX,3
PHX,MCO,MAX,4
PHX,MCO,MAX,5
PHX,MCO,MAX,6
PHX,MCO,MAX,7
PHX,ORD,EXP,3
PHX,ORD,EXP,4
PHX,ORD,EXP,5
PHX,ORD,MAX,2
PHX,ORD,MAX,3
PHX,ORD,MAX,4
PHX,ORD,MAX,5
PHX,ORD,MAX,6
PHX,ORD,MAX,7
PHX,SEA,EXP,3
PHX,SEA,EXP,4
PHX,SEA,EXP,5
PHX,SEA,MAX,2
PHX,SEA,MAX,3
PHX,SEA,MAX,4
PHX,SEA,MAX,5
PHX,SEA,MAX,6
PHX,SEA,MAX,7
PHX,SLC,MAX,2
PHX,SLC,MAX,3
PHX,SLC,MAX,4
PHX,SLC,MAX,5
PHX,SLC,MAX,6
PHX,SLC,MAX,7
RDU,DEN,EXP,4
RDU,LAX,EXP,4
RDU,SEA,EXP,4
RDU,SFO,EXP,4
RDU,SLC,EXP,4
SEA,ANC,EXP,2
SEA,ANC,EXP,3
SEA,ANC,EXP,4
SEA,ANC,EXP,5
SEA,ANC,EXP,6
SEA,ANC,EXP,7
SEA,ATL,EXP,2
SEA,ATL,EXP,3
SEA,ATL,EXP,4
SEA,ATL,EXP,7
SEA,ATL,MAX,2
SEA,ATL,MAX,3
SEA,ATL,MAX,4
SEA,ATL,MAX,5
SEA,ATL,MAX,6
SEA,ATL,MAX,7
SEA,BOS,EXP,2
SEA,BOS,EXP,3
SEA,BOS,EXP,4
SEA,BOS,EXP,5
SEA,BOS,MAX,2
SEA,BOS,MAX,3
SEA,BOS,MAX,4
SEA,BOS,MAX,5
SEA,BOS,MAX,6
SEA,BOS,MAX,7
SEA,CAK,EXP,2
SEA,CAK,EXP,3
SEA,CAK,EXP,4
SEA,CAK,MAX,2
SEA,CAK,MAX,3
SEA,CAK,MAX,4
SEA,CAK,MAX,5
SEA,CAK,MAX,6
SEA,CAK,MAX,7
SEA,CLT,EXP,2
SEA,CLT,EXP,3
SEA,CLT,EXP,4
SEA,CLT,MAX,2
SEA,CLT,MAX,3
SEA,CLT,MAX,4
SEA,CLT,MAX,5
SEA,CLT,MAX,6
SEA,CLT,MAX,7
SEA,CVG,EXP,2
SEA,CVG,EXP,3
SEA,CVG,EXP,4
SEA,CVG,EXP,7
SEA,CVG,MAX,2
SEA,CVG,MAX,3
SEA,CVG,MAX,4
SEA,CVG,MAX,5
SEA,CVG,MAX,6
SEA,CVG,MAX,7
SEA,DEN,EXP,2
SEA,DEN,EXP,3
SEA,DEN,EXP,4
SEA,DEN,MAX,2
SEA,DEN,MAX,3
SEA,DEN,MAX,4
SEA,DEN,MAX,5
SEA,DEN,MAX,6
SEA,DEN,MAX,7
SEA,DFW,EXP,2
SEA,DFW,EXP,3
SEA,DFW,EXP,4
SEA,DFW,MAX,2
SEA,DFW,MAX,3
SEA,DFW,MAX,4
SEA,DFW,MAX,5
SEA,DFW,MAX,6
SEA,DFW,MAX,7
SEA,EWR,EXP,2
SEA,EWR,EXP,3
SEA,EWR,EXP,4
SEA,EWR,EXP,5
SEA,EWR,MAX,2
SEA,EWR,MAX,3
SEA,EWR,MAX,4
SEA,EWR,MAX,5
SEA,EWR,MAX,6
SEA,EWR,MAX,7
SEA,IAD,EXP,2
SEA,IAD,EXP,3
SEA,IAD,EXP,4
SEA,IAD,MAX,2
SEA,IAD,MAX,3
SEA,IAD,MAX,4
SEA,IAD,MAX,5
SEA,IAD,MAX,6
SEA,IAD,MAX,7
SEA,IAH,EXP,2
SEA,IAH,EXP,3
SEA,IAH,EXP,4
SEA,IAH,MAX,2
SEA,IAH,MAX,3
SEA,IAH,MAX,4
SEA,IAH,MAX,5
SEA,IAH,MAX,6
SEA,IAH,MAX,7
SEA,LAX,MAX,2
SEA,LAX,MAX,3
SEA,LAX,MAX,4
SEA,LAX,MAX,5
SEA,LAX,MAX,6
SEA,LAX,MAX,7
SEA,MCI,EXP,2
SEA,MCI,EXP,3
SEA,MCI,EXP,4
SEA,MCI,EXP,7
SEA,MCI,MAX,2
SEA,MCI,MAX,3
SEA,MCI,MAX,4
SEA,MCI,MAX,5
SEA,MCI,MAX,6
SEA,MCI,MAX,7
SEA,MCO,EXP,2
SEA,MCO,EXP,3
SEA,MCO,EXP,4
SEA,MCO,EXP,7
SEA,MCO,MAX,2
SEA,MCO,MAX,3
SEA,MCO,MAX,4
SEA,MCO,MAX,5
SEA,MCO,MAX,6
SEA,MCO,MAX,7
SEA,ORD,EXP,2
SEA,ORD,EXP,3
SEA,ORD,EXP,4
SEA,ORD,MAX,2
SEA,ORD,MAX,3
SEA,ORD,MAX,4
SEA,ORD,MAX,5
SEA,ORD,MAX,6
SEA,ORD,MAX,7
SEA,PHX,EXP,2
SEA,PHX,EXP,3
SEA,PHX,EXP,4
SEA,PHX,MAX,2
SEA,PHX,MAX,3
SEA,PHX,MAX,4
SEA,PHX,MAX,5
SEA,PHX,MAX,6
SEA,PHX,MAX,7
SEA,SLC,EXP,2
SEA,SLC,EXP,3
SEA,SLC,EXP,4
SEA,SLC,EXP,5
SEA,SLC,EXP,6
SEA,SLC,MAX,2
SEA,SLC,MAX,3
SEA,SLC,MAX,4
SEA,SLC,MAX,5
SEA,SLC,MAX,6
SEA,SLC,MAX,7
SFO,ATL,EXP,3
SFO,ATL,EXP,4
SFO,ATL,EXP,5
SFO,ATL,EXP,6
SFO,ATL,MAX,3
SFO,ATL,MAX,4
SFO,ATL,MAX,5
SFO,ATL,MAX,6
SFO,ATL,MAX,7
SFO,BOS,EXP,3
SFO,BOS,EXP,4
SFO,BOS,EXP,5
SFO,BOS,EXP,6
SFO,BOS,EXP,7
SFO,BOS,MAX,3
SFO,BOS,MAX,4
SFO,BOS,MAX,5
SFO,BOS,MAX,6
SFO,BOS,MAX,7
SFO,CAK,EXP,3
SFO,CAK,EXP,4
SFO,CAK,EXP,5
SFO,CAK,EXP,6
SFO,CAK,EXP,7
SFO,CAK,MAX,3
SFO,CAK,MAX,4
SFO,CAK,MAX,5
SFO,CAK,MAX,6
SFO,CAK,MAX,7
SFO,CLT,EXP,3
SFO,CLT,EXP,4
SFO,CLT,EXP,5
SFO,CLT,EXP,6
SFO,CLT,EXP,7
SFO,CLT,MAX,3
SFO,CLT,MAX,4
SFO,CLT,MAX,5
SFO,CLT,MAX,6
SFO,CLT,MAX,7
SFO,CVG,EXP,3
SFO,CVG,EXP,4
SFO,CVG,EXP,5
SFO,CVG,EXP,6
SFO,CVG,EXP,7
SFO,CVG,MAX,3
SFO,CVG,MAX,4
SFO,CVG,MAX,5
SFO,CVG,MAX,6
SFO,CVG,MAX,7
SFO,DEN,EXP,3
SFO,DEN,EXP,4
SFO,DEN,EXP,5
SFO,DEN,MAX,3
SFO,DEN,MAX,4
SFO,DEN,MAX,5
SFO,DEN,MAX,6
SFO,DEN,MAX,7
SFO,DFW,EXP,3
SFO,DFW,MAX,3
SFO,DFW,MAX,4
SFO,DFW,MAX,5
SFO,DFW,MAX,6
SFO,DFW,MAX,7
SFO,EWR,EXP,3
SFO,EWR,EXP,4
SFO,EWR,EXP,5
SFO,EWR,EXP,6
SFO,EWR,EXP,7
SFO,EWR,MAX,3
SFO,EWR,MAX,4
SFO,EWR,MAX,5
SFO,EWR,MAX,6
SFO,EWR,MAX,7
SFO,IAD,EXP,3
SFO,IAD,EXP,4
SFO,IAD,EXP,5
SFO,IAD,EXP,6
SFO,IAD,EXP,7
SFO,IAD,MAX,3
SFO,IAD,MAX,4
SFO,IAD,MAX,5
SFO,IAD,MAX,6
SFO,IAD,MAX,7
SFO,IAH,EXP,3
SFO,IAH,EXP,4
SFO,IAH,EXP,5
SFO,IAH,MAX,3
SFO,IAH,MAX,4
SFO,IAH,MAX,5
SFO,IAH,MAX,6
SFO,IAH,MAX,7
SFO,MCI,EXP,3
SFO,MCI,EXP,4
SFO,MCI,EXP,5
SFO,MCI,EXP,7
SFO,MCI,MAX,3
SFO,MCI,MAX,4
SFO,MCI,MAX,5
SFO,MCI,MAX,6
SFO,MCI,MAX,7
SFO,MCO,EXP,3
SFO,MCO,EXP,4
SFO,MCO,EXP,5
SFO,MCO,EXP,6
SFO,MCO,EXP,7
SFO,MCO,MAX,3
SFO,MCO,MAX,4
SFO,MCO,MAX,5
SFO,MCO,MAX,6
SFO,MCO,MAX,7
SFO,ORD,EXP,3
SFO,ORD,EXP,4
SFO,ORD,EXP,5
SFO,ORD,EXP,6
SFO,ORD,EXP,7
SFO,ORD,MAX,3
SFO,ORD,MAX,4
SFO,ORD,MAX,5
SFO,ORD,MAX,6
SFO,ORD,MAX,7
SFO,PHX,EXP,7
SFO,PHX,MAX,3
SFO,PHX,MAX,4
SFO,PHX,MAX,5
SFO,PHX,MAX,6
SFO,PHX,MAX,7
SFO,SEA,MAX,3
SFO,SEA,MAX,4
SFO,SEA,MAX,5
SFO,SEA,MAX,6
SFO,SEA,MAX,7
SFO,SLC,MAX,3
SFO,SLC,MAX,4
SFO,SLC,MAX,5
SFO,SLC,MAX,6
SFO,SLC,MAX,7
SLC,ATL,EXP,3
SLC,ATL,EXP,4
SLC,ATL,EXP,5
SLC,ATL,MAX,2
SLC,ATL,MAX,3
SLC,ATL,MAX,4
SLC,ATL,MAX,5
SLC,ATL,MAX,6
SLC,ATL,MAX,7
SLC,BOS,EXP,3
SLC,BOS,EXP,4
SLC,BOS,EXP,5
SLC,BOS,MAX,2
SLC,BOS,MAX,3
SLC,BOS,MAX,4
SLC,BOS,MAX,5
SLC,BOS,MAX,6
SLC,BOS,MAX,7
SLC,CAK,EXP,3
SLC,CAK,EXP,4
SLC,CAK,EXP,5
SLC,CAK,MAX,2
SLC,CAK,MAX,3
SLC,CAK,MAX,4
SLC,CAK,MAX,5
SLC,CAK,MAX,6
SLC,CAK,MAX,7
SLC,CLT,EXP,3
SLC,CLT,EXP,4
SLC,CLT,EXP,5
SLC,CLT,MAX,2
SLC,CLT,MAX,3
SLC,CLT,MAX,4
SLC,CLT,MAX,5
SLC,CLT,MAX,6
SLC,CLT,MAX,7
SLC,CVG,MAX,2
SLC,CVG,MAX,3
SLC,CVG,MAX,4
SLC,CVG,MAX,5
SLC,CVG,MAX,6
SLC,DFW,MAX,2
SLC,DFW,MAX,3
SLC,DFW,MAX,4
SLC,DFW,MAX,5
SLC,DFW,MAX,6
SLC,EWR,MAX,2
SLC,EWR,MAX,3
SLC,EWR,MAX,4
SLC,EWR,MAX,5
SLC,EWR,MAX,6
SLC,EWR,MAX,7
SLC,IAD,EXP,2
SLC,IAD,EXP,3
SLC,IAD,EXP,4
SLC,IAD,EXP,5
SLC,IAD,MAX,2
SLC,IAD,MAX,3
SLC,IAD,MAX,4
SLC,IAD,MAX,5
SLC,IAD,MAX,6
SLC,IAD,MAX,7
SLC,IAH,EXP,3
SLC,IAH,EXP,4
SLC,IAH,EXP,5
SLC,IAH,MAX,2
SLC,IAH,MAX,3
SLC,IAH,MAX,4
SLC,IAH,MAX,5
SLC,IAH,MAX,6
SLC,IAH,MAX,7
SLC,MCI,MAX,2
SLC,MCI,MAX,3
SLC,MCI,MAX,4
SLC,MCI,MAX,5
SLC,MCI,MAX,6
SLC,MCI,MAX,7
SLC,MCO,MAX,2
SLC,MCO,MAX,3
SLC,MCO,MAX,4
SLC,MCO,MAX,5
SLC,MCO,MAX,6
SLC,MCO,MAX,7
SLC,ORD,EXP,3
SLC,ORD,EXP,4
SLC,ORD,EXP,5
SLC,ORD,MAX,2
SLC,ORD,MAX,3
SLC,ORD,MAX,4
SLC,ORD,MAX,5
SLC,ORD,MAX,6
SLC,ORD,MAX,7
SLC,PHX,MAX,2
SLC,PHX,MAX,3
SLC,PHX,MAX,4
SLC,PHX,MAX,5
SLC,PHX,MAX,6
SLC,PHX,MAX,7
SLC,SFO,MAX,3
SLC,SFO,MAX,4
SLC,SFO,MAX,5
SLC,SFO,MAX,6
SLC,SFO,MAX,7
